name	HCC1937	BT20	HCC1187	DU4475	CAL120	BT20	MDAMB468	CAL851	HCC1500	HCC1937	HCC1954	HCC38	MDAMB157	HCC1806	HDQP1	BT549	MDAMB436	CAL51	HCC3153	SW527	HCC1143	HCC1395	SUM159	HCC2157	UACC3199	HCC1187	HBL100	HCC1599	MDAMB436	HCC1954	HCC70	BT549	SUM149	CAL851	HCC38	HS578T	HCC1599	HCC70	MDAMB231	HCC1806	MB157	MDAMB231	SKBR7	Hs_578T	SUM1315	HMC18	DU4475	CAL120	HCC1395	MX1	JIMT1	HCC1569	HCC1569	HDQP1	JIMT1	SUM102	MACLS2	MDAMB157	HCC1143	MDAMB468	CAL51	SUM229
group	BASALA	BASALA	BASALA	BASALB	BASALB	BASALA	BASALA	BASALA	BASALA	BASALA	BASALA	BASALB	BASALB	BASALA	BASALA	BASALB	BASALB	BASALB	BASALA	BASALB	BASALA	BASALB	BASALB	BASALA	BASALB	BASALA	BASALB	BASALA	BASALB	BASALA	BASALA	BASALB	BASALA	BASALA	BASALB	BASALB	BASALA	BASALA	BASALB	BASALA	BASALB	BASALB	BASALB	BASALB	BASALB	BASALB	BASALB	BASALB	BASALB	BASALA	BASALA	BASALA	BASALA	BASALA	BASALA	BASALB	BASALA	BASALB	BASALA	BASALA	BASALB	BASALA
CD44_chr11:35196745-35196874	0.0305	0.0671	0.0226	0	0	0.0369	0.00828	0.0174	0.0217	0.0465	0.0546	0.0181	0	0.0776	0.019	0	0	0.00815	0.0096	0	0.0109	0	0	0.0178	0.0116	0.0206	0.00674	0.0231	0	0.0656	0.0252	0	0.00359	0.026	0.0181	0	0.0248	0.0603	0	0.108	0	0	0	0	0	0	NA	0	0	0.00953	0.00327	0.0145	0.0119	0.0161	0.0164	0.0493	0.103	0	0.0105	0	0	0
CD44_chr11:35198120-35198246	0.334	0.317	0.155	0	0.00826	0.218	0.181	0.234	0.271	0.533	0.345	0.543	0.00487	0.696	0.323	0.0161	0.0095	0.0354	0.176	0.0207	0.374	0.014	0	0.24	0.152	0.148	0.0169	0.167	0.015	0.334	0.206	0.0116	0.0507	0.268	0.404	0.0131	0.235	0.511	0.0222	0.739	0.166	0.0393	0.0144	0.00584	0.0104	0.0153	1	0.0133	0.0144	0.136	0.0919	0.371	0.287	0.339	0.243	0.622	0.446	0	0.408	0.0514	0.0235	0.028
CD44_chr11:35201670-35201787	0.454	0.251	0.139	0	0.00587	0.142	0.158	0.222	0.213	0.548	0.291	0.627	0	0.782	0.263	0	0.00488	0	0.178	0.0211	0.437	0.00532	0	0.243	0.191	0.159	0	0.0769	0	0.333	0.19	0	0.0435	0.253	0.438	0	0.205	0.527	0	0.823	0.157	0.0089	0	0	0	0.0129	1	0	0	0.169	0.0546	0.406	0.282	0.308	0.111	0.709	0.558	0	0.453	0.0321	0.029	0.0252
CD44_chr11:35204511-35204640	0.529	0.453	0.31	0.2	0.0273	0.221	0.314	0.415	0.428	0.619	0.392	0.755	0.00651	0.93	0.505	0.0408	0.0415	0.0249	0.296	0.041	0.666	0.0332	0	0.529	0.198	0.417	0.0252	0.259	0.0185	0.4	0.482	0.0311	0.19	0.44	0.602	0.0189	0.356	0.707	0.0129	0.959	0.232	0.041	0	0.0271	0.00971	0.025	1	0.017	0.0132	0.334	0.101	0.6	0.532	0.465	0.201	0.929	0.655	0.00671	0.654	0.0743	0.0452	0.121
CD44_chr11:35206111-35206243	0.533	0.438	0.373	0.2	0.0162	0.221	0.31	0.463	0.444	0.615	0.427	0.759	0	0.936	0.515	0.0152	0.0143	0.0272	0.328	0.041	0.666	0.0202	0	0.542	0.21	0.4	0.0232	0.243	0	0.439	0.526	0.0129	0.192	0.464	0.614	0.018	0.369	0.732	0.0134	0.963	0.262	0.0276	0.01	0.00811	0	0.0184	1	0.0155	0.0137	0.351	0.106	0.61	0.539	0.501	0.209	0.935	0.663	0	0.659	0.0751	0.0539	0.124
CD44_chr11:35209964-35210054	0.924	0.924	0.828	1	0.0292	0.874	0.753	0.98	0.968	0.932	0.983	0.931	0.00592	0.971	0.922	0.0309	0.0189	0.154	0.914	0.126	0.873	0.00587	0.00855	0.926	0.579	0.788	0.042	0.858	0.0207	0.971	0.968	0.0235	0.901	0.958	0.907	0.0197	0.891	0.964	0.0554	0.983	0.739	0.127	0.0831	0.0113	0	0.0428	1	0.0313	0	0.904	0.788	0.876	0.858	0.793	0.947	0.972	0.867	0.00781	0.896	0.572	0.114	0.858
ARL14EP_chr11:30330885-30331374	1	0.953	1	0.913	0.873	0.875	0.934	1	0.9	1	0.885	0.891	0.933	1	0.886	0.546	0.883	0.722	1	0.906	1	0.718	1	0.93	0.919	0.97	1	0.969	0.919	0.944	1	0.714	1	1	0.588	0.896	1	1	0.929	0.956	0.964	0.668	1	0.934	0.96	0.942	1	1	0.876	1	0.949	1	0.842	1	0.97	1	0.937	0.849	1	1	0.917	1
PRRG4_chr11:32840106-32840239	0.743	1	0.844	0.981	0.846	1	0.925	0.823	0.905	0.924	0.966	0.934	1	0.956	0.925	NA	1	NA	0.84	1	0.857	0.895	1	0.903	1	0.819	1	0.97	1	0.941	0.885	NA	0.831	0.895	0.942	NA	0.924	0.932	0.846	0.881	0.914	0.75	1	0	NA	1	1	1	1	0.957	0.719	0.947	1	0.915	0.817	0.92	1	1	0.902	0.81	NA	0.778
C11orf52_chr11:111925652-111925714	1	1	1	0.981	1	1	1	1	1	1	1	1	NA	1	1	NA	NA	0.936	1	1	1	NA	NA	1	1	1	NA	1	NA	1	1	NA	1	1	0.974	NA	1	1	NA	1	0.5	0.818	NA	NA	NA	NA	1	1	NA	1	1	1	1	1	1	1	1	1	1	0.964	1	1
SAC3D1_chr11:65043024-65043164	0.6	0.29	0.5	0.321	0.166	0.5	0.406	0.714	0.266	0.321	0.205	0.636	0.418	0.28	0.328	0.113	0.144	0.149	0.2	0.451	0.5	0.187	0.385	0.278	0.167	0.18	1	0.209	0.412	0.529	1	0.333	0.546	0.264	0.202	0.4	0.333	0.336	0.821	0.224	0.725	0.157	0.8	0.134	0.667	0.219	1	1	0.68	0.695	0.462	0.448	0.285	1	0.229	1	0.5	0.203	0.245	0.357	0.714	1
CLIP1_chr12:122351110-122351143	0	0	0	0.0153	0	0	0	0	0	0	0	0	0	0.0247	0	0.109	0	0.0798	0	0.0464	0	0	0	0	0	0	0	0	0	0	0	0.0889	0	0	0	0.106	0	0	0.0759	0	0.0333	0.0283	0.0219	0.0369	0	0.0309	0	0	0	0	0	0	0	0	0	0	0	0.0679	0	0	0.0788	0
CLIP1_chr12:122347374-122347479	0	0	0.0714	0.0233	0.0452	0	0.0602	0	0	0	0	0	0.324	0.0247	0.0282	0.183	0.439	0.155	0	0.27	0	0.037	0	0.0306	0	0.0229	0.118	0.0316	0.453	0	0.0298	0.181	0	0	0	0.0813	0	0	0.104	0	0.1	0.0745	0.0583	0.0325	0.068	0.124	0.0263	0.143	0.0388	0	0	0	0.0515	0.0526	0	0	0	0.324	0	0	0.119	0
GNS_chr12:64756666-64756762	0	0.0151	0	0	0.0181	NA	0.0404	0	0.00415	0	0.00826	0.0227	0.0263	0	0.00912	0	0.0114	0	0.016	0	0	0.02	0.0224	0.0139	0.0109	0	0.0159	0	0.0417	0	0	0	0	0	0	0.0252	0	0	0.0166	0	0	0.00816	0.0286	0.0141	0.0454	0.0444	0	0.0244	0.0138	0	0	0	0	0	0	0	0	0.0215	0.0185	0	0	0
ERBB3_chr12:56098499-56098575	0.946	0.98	1	1	1	1	0.984	1	0.988	0.959	0.977	1	1	1	0.995	1	1	1	0.98	1	1	1	NA	0.991	0.972	0.9	1	1	NA	0.952	1	NA	1	0.983	0.996	NA	0.984	0.996	1	0.985	1	1	1	1	NA	1	1	0.912	1	1	1	0.986	0.978	1	0.996	1	1	NA	0.995	1	0.945	0.972
HNRNPA1_chr12:54282799-54282874	1	0.993	1	0.998	1	1	0.986	1	1	0.923	0.936	1	1	1	0.952	1	1	1	1	1	1	1	1	0.976	1	0.977	0.97	0.996	1	0.956	1	1	1	0.967	1	1	1	0.982	1	0.986	1	1	1	1	1	1	1	0.965	1	0.968	1	0.11	0.917	1	0.964	1	1	1	0.97	1	0.987	1
RALGPS2_chr1:178892229-178892307	0.938	0.955	0.333	0.237	0.306	1	0.362	0.9	0.861	0.756	0.924	0.704	0.0751	0.752	0.83	0.0976	0.109	0.277	0.812	0.55	0.875	0.163	0.263	0.771	0.68	0.518	0.222	0.616	0.0843	0.96	0.944	0.0571	0.941	0.753	0.723	0.244	0.778	0.749	0.0938	0.897	0.432	0.082	0.306	0.333	0.2	0.375	0.341	0.133	0.087	0.794	0.824	0.783	0.639	0.895	0.864	0.767	0.875	0.216	0.898	0.42	0.224	0.663
YBX3_chr12:10709907-10710114	0.219	0.399	0.486	0.665	0.724	0.262	0.496	0.329	0.429	0.317	0.402	0.28	0.604	0.381	0.359	0.732	0.834	0.792	0.374	0.715	0.227	0.587	0.611	0.492	0.399	0.566	0.422	0.487	0.728	0.213	0.296	0.606	0.285	0.386	0.364	0.408	0.458	0.427	0.458	0.417	0.57	0.574	0.537	0.608	0.474	0.623	0.499	0.51	0.442	0.355	0.351	0.312	0.439	0.305	0.444	0.305	0.356	0.672	0.479	0.498	0.602	0.259
FBRSL1_chr12:132527952-132527988	0.714	0.82	0.667	1	1	1	0.83	NA	0.906	0.438	0.66	NA	1	0.661	0.651	1	1	0.954	1	1	0.5	0.918	1	0.86	0.736	0.872	1	1	1	1	0.75	NA	0.905	0.76	0.798	1	1	0.836	1	0.621	0.7	0.876	0.778	1	NA	1	1	NA	1	1	0.723	0.826	0.771	NA	0.823	1	1	1	0.65	1	1	NA
KRT7_chr12:52245411-52245632	0.989	0.998	1	1	1	0.85	1	0.967	1	0.998	0.972	0.967	1	0.99	1	1	1	1	0.984	1	0.994	1	0.999	0.999	0.986	0.998	NA	0.999	1	0.926	0.991	1	1	0.998	0.999	1	1	0.996	1	0.998	0.996	1	1	1	1	1	1	1	1	0.954	0.998	0.994	0.996	0.993	0.999	0.846	1	1	0.999	1	1	0.977
CAB39L_chr13:49401132-49401270	0.538	0.528	0.143	0	0.066	0.429	0.537	0.615	0.786	0.626	0.526	0.4	0	0.364	0.126	0	0.0252	0.0406	0.206	0.739	NA	0.6	0	0.287	0.342	0.0909	0	0.165	0.12	0.597	0.724	0.25	0	0.365	0.0938	NA	0.602	0.8	0	0.333	0	0.028	0.0588	0.087	0.0968	0.017	0	0.125	0	1	0.0233	0.514	0.588	0.803	0.0385	0.2	0	0	0.5	0.8	0	0
TMEM120B_chr12:121743628-121743747	1	1	1	0.98	1	1	1	1	0.993	0.979	0.978	1	1	1	1	0.954	0.986	0.964	1	1	1	0.974	1	1	1	1	1	0.983	1	1	1	1	1	1	0.981	1	1	1	1	1	1	0.967	1	0.94	1	0.975	1	1	1	1	1	1	0.986	1	0.987	1	1	0.981	1	1	1	1
NHLRC3_chr13:39042104-39042305	0.46	0.66	0.6	0.858	0.624	0.448	0.812	0.834	0.851	0.704	0.723	0.541	0.855	0.54	0.798	0.8	0.731	0.848	0.521	0.677	0.636	0.656	0.742	0.779	0.659	0.826	0.926	0.888	0.704	0.655	0.586	0.769	0.211	0.855	0.788	0.895	0.613	0.708	1	0.408	0.75	0.974	0.7	0.674	0.637	0.935	0.889	0.526	0.68	0.415	0.455	0.781	0.943	0.651	0.494	0.529	0.694	0.8	0.663	0.587	0.834	0.35
POMT2_chr14:77302834-77302943	0.864	0.88	0.952	0.911	0.952	1	0.829	0.954	0.87	0.673	0.772	0.887	0.976	0.882	0.893	0.924	0.906	0.893	0.785	0.902	0.712	0.981	1	0.708	0.549	0.88	0.854	0.835	0.843	0.839	0.936	1	1	0.781	0.849	0.954	0.731	0.718	0.959	0.757	0.933	0.904	0.956	0.903	0.916	1	1	0.947	0.962	0.775	0.915	0.898	0.734	0.945	0.884	1	0.8	0.982	0.823	1	0.897	0.934
POMT2_chr14:77298688-77298771	0.864	0.947	0.954	0.913	0.952	1	0.829	0.955	0.957	0.754	0.836	0.887	0.995	0.88	0.908	0.97	0.954	0.971	0.829	0.947	0.723	1	1	0.782	0.794	0.879	0.91	0.908	1	0.856	0.851	1	1	0.793	0.907	0.954	0.8	0.746	0.959	0.873	1	1	0.957	1	0.962	1	1	0.953	0.992	0.843	0.938	0.951	0.821	0.947	0.928	1	0.858	1	0.9	1	0.922	0.934
INF2_chr14:104715283-104715340	0.927	0.984	1	0.947	0.897	1	0.975	1	1	0.994	1	1	0.55	1	0.953	0.354	0.0754	0.23	1	0.684	1	0.21	0.282	0.932	1	0.985	0.68	0.93	0.667	0.987	1	0.625	1	0.981	1	0.454	1	0.993	0.798	0.947	1	0.745	1	0.079	0.478	0.539	1	1	0.549	1	0.649	0.989	1	1	0.556	1	1	0.157	1	1	0.727	1
VPS39_chr15:42192065-42192098	0.627	0.314	0	0.52	0.0122	0.333	0.247	0.5	0.246	0.756	0.426	0.321	0.031	0.434	0.537	0.0164	0	0	0.544	0.0625	0.189	0.0738	0	0.072	0.192	0	0.025	0.0746	0	0.652	0.594	0	0.301	0.329	0.567	0.0303	0.079	0.545	0	0.71	0.0593	0.118	0.0693	0	0.0167	0.00976	0.526	0	0.0453	0.531	0.0625	0.377	0.326	0.736	0.362	0.941	0.648	0	0.216	0.0667	0	0.178
CYFIP1_chr15:22872824-22872972	0.944	0.977	1	0.988	1	1	0.976	1	0.987	0.935	0.939	0.96	1	1	0.974	0.979	1	1	1	1	0.955	1	1	0.965	0.974	0.969	1	0.992	1	1	0.983	1	0.977	0.963	0.959	1	0.975	0.981	1	0.962	0.987	1	1	0.994	1	1	1	1	1	0.963	0.99	0.976	0.931	1	0.986	0.971	0.958	1	0.971	1	1	1
MYO9A_chr15:71951776-71951896	0.2	0.308	NA	0.814	1	0	0.733	0.565	0.471	0.643	0.357	0.709	0.982	0.286	0.722	0.882	1	0.872	0.727	1	0.333	0.901	0.939	0.679	0.407	NA	0.929	0.636	0.9	0.267	0.4	1	0.529	0.769	0.523	1	0.652	0.538	1	0.5	0.875	1	1	0.978	0.873	0.903	0.6	0.923	0.922	0.643	0.621	0.639	0.821	0.714	0.684	0.297	0.263	1	0.488	0.871	0.871	0.5
MYO9A_chr15:71892964-71893177	1	1	NA	1	0.489	NA	1	1	1	1	1	1	0.431	0.8	0.933	0.818	0.75	0.976	1	1	1	0.449	0.803	1	0.895	NA	0.733	1	0.6	1	1	0.454	1	1	0.98	1	0.895	0.931	0.529	1	1	0.414	1	0.895	0.548	0.72	1	0.619	0.506	1	0.9	1	0.976	1	1	1	1	0.699	0.952	0.852	0.92	0.917
PRC1_chr15:90969078-90969120	0.0833	0.0952	0.193	0.136	0.306	0.172	0.0775	0.123	0.0446	0.0822	0.0566	0.198	0.324	0.126	0.0689	0.343	0.358	0.245	0.166	0.548	0.174	0.384	0.582	0.0423	0.146	0.0517	0.386	0.11	0.414	0.105	0.254	0.513	0.307	0.056	0.119	0.336	0.247	0.0987	0.285	0.061	0.268	0.126	0.429	0.295	0.27	0.284	0.338	0.279	0.597	0.293	0.175	0.222	0.12	0.0857	0.0842	0.114	0.131	0.201	0.162	0.114	0.323	0.47
ZWILCH_chr15:66508840-66508892	1	0.971	1	0.946	0.913	1	0.975	1	0.945	0.95	0.974	0.99	0.974	1	0.939	0.93	0.966	0.94	1	0.975	0.976	0.951	0.969	0.899	0.98	0.952	0.954	0.948	0.967	0.988	0.977	0.983	0.977	0.931	0.967	0.966	1	0.962	0.977	0.938	0.973	0.971	0.926	0.942	0.925	0.912	1	1	0.943	1	0.975	1	0.987	1	0.917	1	1	0.973	0.943	1	0.97	0.972
DTWD1_chr15:49631000-49631058	0.0597	0.0747	0	0.0588	0.12	0.0548	0.059	0.0958	0.07	0.0698	0.0895	0.162	0.148	0.0625	0.138	0.0803	0.164	0.0697	0.108	0.186	0.231	0.0639	0.205	0.0697	0.0685	0.1	0.0605	0.107	0.306	0.0363	0.0568	0.148	0.0664	0.0839	0.119	0.195	0.12	0.0628	0.207	0.0655	0.153	0.0822	0.262	0.0629	0.11	0.0728	0.0756	0.0653	0.0448	0.0256	0.0568	0.0934	0.111	0.129	0.0627	0.171	0.0549	0.0847	0.0726	0.0303	0.127	0.0628
TMED3_chr15:79314540-79314655	0.0267	0.1	0.0299	0.0244	0.0287	0.0337	0.0745	0.0234	0.0443	0.0644	0.0647	0.0193	0.022	0.0205	0.0464	0.0128	0.049	0.0149	0.012	NA	0.033	0.026	0.0328	0.0305	0.0296	0.0501	0.02	0.066	0.0513	0.0182	0.02	0.0113	0.0343	0.0451	0.0441	0.012	0.0314	0.0228	0.00786	0.04	0.0223	0.0216	0	0.0285	0.0165	0.0433	0.0346	0.0223	0.0149	0.0119	0.0167	0.0236	0.0472	0.0627	0.0535	0.0146	0.0308	0.0293	0.0655	0.0323	0.0206	0.0208
PDE8A_chr15:85091043-85091181	0.929	0.991	1	0.931	0.847	1	0.971	0.974	0.96	1	0.968	0.944	0.885	1	0.951	0.911	0.949	0.871	0.851	0.894	0.977	0.93	0.919	1	1	0.951	0.923	0.972	0.89	0.932	0.936	0.9	0.629	0.982	0.929	1	0.944	0.947	1	0.951	0.96	0.973	1	0.914	0.881	0.888	0.878	0.964	0.966	0.794	0.88	0.898	0.982	0.955	0.944	0.862	0.892	0.933	0.974	0.908	0.899	0.755
SPG11_chr15:44598630-44598836	1	0.974	1	0.977	0.982	1	1	1	0.956	0.968	0.97	0.971	NA	1	0.947	0.93	1	1	1	0.931	1	1	1	0.981	0.933	0.98	1	0.963	0.971	1	1	1	1	1	1	0.931	1	1	0.952	0.977	0.9	0.881	0.956	0.959	1	0.959	0.975	0.946	0.978	1	1	0.983	0.938	1	0.966	0.938	1	NA	0.941	1	1	0.972
BNIP2_chr15:59668102-59668138	0.0504	0.0434	0.027	0.0132	0.132	0.0546	0.012	0.168	0.0306	0.0407	0.0226	0.0942	0.0534	0.0859	0.0728	0.166	0.0932	0.13	0.0267	0.139	0.108	0.055	0.0766	0.00535	0.0647	0.0183	0.112	0.0212	0.0744	0.0594	0.0294	0.277	0.00943	0.0983	0.0397	0.0727	0.0343	0.0146	0.114	0.0976	0.194	0.0943	0.183	0.105	0.0909	0.292	0.0201	0.0934	0.0535	0	0.0177	0.0654	0.0489	0.0632	0.0644	0.235	0.0527	0.0292	0.0738	0.0127	0.103	0.0167
SEC11A_chr15:84714730-84714866	0.0182	0.0804	0.0443	0.0734	0.0283	0.0969	0.0813	0.0352	0.0391	0.0618	0.0366	0.0412	0.115	0.043	0.0405	0.0948	0.117	0.027	0.0192	0.0332	0.0493	0.0514	0.0296	0.0446	0.0721	0.0516	0.127	0.0764	0.18	0.0334	0.045	0.0815	0.0125	0.0384	0.0257	0.0412	0.0373	0.0413	0.0716	0.0268	0.0636	0.0626	0.0694	0.0238	0.0695	0.0364	0.059	0.0609	0.0473	0.0478	0.00526	0.0256	0.0405	0.037	0.0108	0.0379	0.0179	0.112	0.0656	0.0372	0.0498	0.0274
EMC8_chr16:85780378-85780473	0.99	0.977	0.954	0.983	0.912	1	0.915	0.915	0.95	0.948	0.96	0.892	0.94	0.984	0.968	0.916	0.955	0.955	0.93	0.973	0.969	0.942	0.929	0.99	0.918	0.952	0.819	0.978	0.972	0.988	0.93	0.874	0.967	0.93	0.869	0.874	0.95	0.928	0.827	0.979	0.932	0.835	0.957	0.908	0.925	0.898	1	0.84	0.857	1	0.985	0.965	0.961	0.975	0.959	0.915	1	0.942	0.888	0.965	0.922	0.926
ENSG00000283332_chr16:67544955-67545117	0.736	0.972	1	0.968	1	0.984	0.953	0.881	0.953	0.904	0.907	0.865	1	0.983	0.952	1	1	1	1	1	0.931	1	1	0.956	1	0.95	1	0.93	1	0.875	0.969	1	0.953	0.918	0.891	1	1	0.922	1	0.956	0.961	1	1	1	1	1	0.956	0.966	1	NA	0.976	0.897	0.93	0.887	0.957	0.93	0.838	0.987	0.9	1	1	0.882
TSC2_chr16:2077597-2077726	0.229	0.327	0.575	0.0717	0.0305	0.6	0.333	0.56	0.319	0.406	0.537	0.355	0.0527	0.404	0.316	0.0362	0.0314	0.0237	0.409	0.051	0.323	0.0929	0.0952	0.477	0.254	0.529	0.263	0.431	0.119	0.646	0.469	0.0706	0.256	0.212	0.367	0.09	0.32	0.369	0.103	0.41	0.46	0.039	0.069	0.0588	0.0866	0.0711	0.269	0.0954	0.0592	0.438	0.282	0.303	0.283	0.448	0.358	0.212	0.576	0.0829	0.521	0.407	0.0817	0.31
UBN1_chr16:4877384-4877474	1	1	0.889	0.947	0.877	1	NA	1	1	1	1	1	0.88	0.953	1	0.921	0.815	0.9	0.76	0.778	0.857	0.923	1	0.964	1	0.967	0.655	1	0.63	0.926	1	1	0.975	1	0.952	0.892	0.917	0.941	0.724	0.939	0.895	0.885	0.765	0.891	0.871	0.905	1	0.444	0.792	0.867	0.821	0.888	0.959	1	0.96	1	1	0.94	1	NA	0.708	1
NFATC3_chr16:68121986-68123121	1	0.953	1	0.982	0.917	1	0.95	1	0.925	0.976	1	0.965	0.981	1	1	0.955	0.97	0.966	1	0.941	1	1	1	0.975	0.977	0.971	0.977	0.882	1	1	1	1	1	0.987	0.938	1	1	0.991	1	0.964	0.936	0.934	0.952	1	0.971	0.981	1	1	1	1	1	1	0.937	1	0.963	1	1	0.967	0.991	1	0.944	1
SLC50A1_chr1:155136827-155136951	0.806	0.64	0.55	0.504	0.564	0.523	0.688	0.691	0.646	0.61	0.79	0.572	0.582	0.71	0.81	0.517	0.744	0.575	0.492	0.612	0.652	0.544	0.685	0.673	0.603	0.544	0.417	0.531	0.495	0.768	0.824	0.5	0.862	0.656	0.627	0.668	0.66	0.766	0.561	0.792	0.386	0.615	0.634	0.731	0.657	0.526	0.669	0.493	0.548	0.709	0.784	0.676	0.575	0.794	0.765	0.761	0.7	0.516	0.71	0.697	0.467	0.782
FAM65A_chr16:67544955-67545117	0.526	0.951	1	0.971	1	0.91	0.879	0.69	0.952	0.881	0.845	0.738	1	0.962	0.909	1	1	1	1	1	0.842	1	1	0.93	1	0.932	1	0.86	1	1	0.905	1	0.909	0.887	0.833	1	1	0.883	1	0.917	0.903	1	1	1	1	1	0.829	0.897	1	NA	0.942	0.854	0.85	0.724	0.932	0.714	0.653	1	0.839	1	1	0.64
ARHGAP17_chr16:24939363-24939597	0	0.515	0.353	0.429	0.526	0.636	0.743	0.44	0.782	0.136	0.276	0.225	0.885	0.333	0.184	0.842	0.844	0.867	0.238	0.697	0.407	0.79	0.755	0.692	0.333	0.544	0.864	0.81	0.897	0.349	0.517	0.771	0.198	0.461	0.275	0.81	0.571	0.359	0.882	0.15	0.532	0.843	0.758	0.668	0.733	0.76	0.467	0.709	0.832	0.333	0.105	0.305	0.406	0.571	0.0714	0.154	0	0.923	0.581	0.529	0.832	0.2
MACF1_chr1:39480919-39481030	0.696	0.771	0.243	0.109	0.0694	0.9	0.321	0.836	0.721	0.704	0.719	0.758	0.0756	0.348	0.451	0.18	0.229	0.177	0.29	0.0511	0.35	0.0787	0.0458	0.378	0.445	0.21	0.241	0.488	0.191	0.861	0.568	0.0316	0.14	0.728	0.52	0.174	0.557	0.682	0.0526	0.181	0.313	0.0489	0.594	0.106	0.0476	0.265	0.145	0.126	0.141	0.453	0.0927	0.621	0.494	0.378	0.242	0.381	0.463	0.0454	0.318	0.191	0.241	0.16
PFAS_chr17:8265287-8265468	0.714	0.884	1	1	0.986	NA	0.947	0.667	0.946	0.75	0.803	0.778	1	0.946	0.714	0.986	1	0.99	0.556	1	0.692	0.983	1	0.753	0.684	0.855	1	0.796	1	0.75	0.625	1	0.727	0.909	0.767	1	0.667	0.746	1	0.735	0.922	0.96	1	0.988	1	0.978	1	1	0.958	0.778	1	0.708	0.803	0.5	0.814	0.538	0.6	0.981	0.701	0.833	1	0.75
ARL16_chr17:81683012-81683126	1	0.943	1	0.99	0.789	0.906	0.929	0.937	0.906	0.978	0.975	0.96	0.863	0.968	0.977	0.849	0.934	0.856	0.985	0.904	1	0.842	0.829	0.914	0.847	0.945	0.844	0.878	0.948	0.942	0.966	0.943	0.941	0.927	0.92	0.931	0.982	0.965	0.891	0.981	0.959	0.859	0.827	0.901	0.892	0.843	0.939	0.802	0.818	0.964	0.935	0.986	0.942	1	0.948	0.951	0.954	0.85	0.972	0.959	0.868	0.967
NF1_chr17:31252937-31253000	0.471	0.776	0.526	0.364	0.769	NA	0.438	0.865	0.498	0.484	0.713	0.733	0.804	0.826	0.927	0.834	0.838	0.902	0.505	0.626	0.687	0.8	0.899	0.653	0.68	0.564	0.945	0.629	0.707	0.63	0.476	0.722	0.608	0.912	0.819	0.967	0.5	0.74	0.875	0.797	0.835	0.862	0.737	0.865	0.728	0.823	0.595	0.922	0.667	0.246	0.134	0.664	0.712	0.68	0.426	0.937	0.602	0.833	0.821	0.228	0.848	0.625
PCYT2_chr17:81907203-81907257	0.826	0.738	0.358	0.125	0.0667	0.897	0.613	0.636	0.217	0.578	0.672	0.738	0.0405	0.463	0.63	0.0333	0.282	0.0943	0.546	0.126	0.702	0.102	0.204	0.539	0.673	0.231	0.05	0.363	0.256	0.743	0.824	0.05	0.804	0.757	0.676	0.109	0.626	0.514	0.025	0.776	0.2	0.0445	0.1	0.0898	0.221	0.0769	0.12	0.0606	0.122	0.75	0.718	0.556	0.32	0.909	0.669	0.78	0.677	0.0605	0.566	0.698	0.117	0.591
TRIM37_chr17:59001597-59001714	0.54	0.933	0.846	0.795	0.888	0.947	0.641	0.728	0.651	0.634	0.582	0.658	0.891	0.663	0.618	0.936	0.976	0.944	0.613	0.865	0.712	0.932	0.917	0.687	0.868	0.897	0.867	0.705	0.966	0.444	0.588	0.969	0.391	0.716	0.672	0.909	0.783	0.736	0.872	0.554	0.9	0.861	0.919	0.929	0.846	0.938	0.679	0.892	0.95	0.633	0.648	0.527	0.627	0.6	0.761	0.81	0.488	0.941	0.685	0.475	0.908	0.468
MPDU1_chr17:7586691-7586777	0.899	0.992	0.955	0.976	0.984	0.965	0.993	0.981	0.986	0.922	0.964	0.953	0.975	1	0.995	0.993	0.994	0.997	0.979	1	0.948	0.964	1	0.988	0.975	0.97	0.983	0.981	1	0.926	0.954	0.982	1	0.966	0.949	1	1	0.976	0.991	0.973	0.99	0.984	1	1	0.967	0.971	1	0.985	1	0.942	0.977	0.949	0.942	0.963	1	0.984	0.899	0.991	0.992	0.953	1	0.963
NRDC_chr1:51819799-51819873	0.99	0.998	1	0.998	0.994	1	0.997	0.99	0.996	1	1	1	1	0.994	0.995	1	1	0.993	1	1	1	0.997	0.997	0.992	1	0.996	1	1	1	1	1	1	0.994	0.996	1	1	0.99	1	1	0.995	1	0.994	1	0.997	1	1	1	1	1	1	0.989	0.998	1	0.988	1	1	0.994	1	0.998	0.991	1	1
PLOD1_chr1:11957841-11957943	0.984	0.998	1	1	1	1	0.995	0.968	0.996	0.977	0.991	0.991	1	0.989	0.993	1	1	1	0.986	1	1	0.999	1	0.991	0.981	0.993	1	0.993	1	0.973	0.99	1	0.993	0.985	0.973	0.998	1	0.984	1	0.979	1	1	1	1	1	1	1	0.969	1	1	0.998	0.995	0.997	1	0.996	1	0.945	0.999	0.997	1	1	0.938
FOXK2_chr17:82595781-82596191	0.108	0.0272	0.0172	0.0132	0.0345	0	0.0288	0	0.0159	0.113	0.00974	0	0.01	0.0157	0.0623	0	0.0292	0.0116	0.0351	0	0.0233	0	0.017	0.0302	0.027	0.0065	0	0.0193	0.0652	0.0186	0.0667	0	0.0409	0.00907	0.0113	0	0.0864	0.0357	0	0.0123	0.027	0.0254	0	0	0	0.0102	0	0	0	0.122	0.0476	0.0319	0.0219	0.103	0.0276	0.0617	0.0345	0.0204	0.0196	0.0226	0	0.0167
TUFT1_chr1:151562090-151562165	0.753	0.661	0.421	0.206	0.25	1	0.539	0.95	0.268	0.656	0.703	0.962	0.219	0.882	0.788	0.256	0.168	0.0671	0.735	0.25	0.836	0.266	0.534	0.398	0.875	0.449	0.686	0.501	0.288	0.792	0.966	0.259	0.889	0.834	0.698	0.667	0.682	0.73	0.459	0.746	0.723	0.474	0.524	0.532	0	0.362	0.22	0.546	0.324	0.8	0.964	0.662	0.514	0.847	0.8	0.92	0.901	0.1	0.722	0.342	0.118	1
CCDC57_chr17:82179026-82179189	0.75	0.739	0.714	0.879	0.841	NA	0.945	1	0.917	0.914	0.748	0.931	0.815	0.923	0.954	0.371	0.74	0.535	0.704	0.75	1	0.445	1	0.886	0.636	0.77	0.913	0.986	0.833	0.833	0.852	NA	1	0.847	0.893	0.6	1	0.796	1	0.936	1	0.669	0.875	0.723	0.464	0.794	1	0.905	0.333	1	1	0.779	0.927	0.939	0.927	0.797	0.913	0.718	0.942	1	0.625	0.923
MFSD2A_chr1:39966600-39966691	1	0.939	0.931	0.997	1	1	1	0.778	1	0.707	0.751	1	1	0.914	0.625	1	1	1	0.894	1	1	1	1	0.893	0.94	1	1	1	1	0.637	0.852	NA	0.654	0.911	0.957	1	0.922	0.909	1	0.806	1	1	NA	1	1	1	0.998	1	1	1	0.577	0.779	0.913	1	0.714	1	0.657	1	0.941	0.923	1	0.895
MFSD2A_chr1:39966810-39966932	0.333	0.939	0.931	0.998	1	NA	1	0.778	1	0.583	0.602	0.9	1	0.892	0.625	1	1	1	0.811	1	1	1	1	0.82	0.876	1	1	0.895	1	0.488	0.709	1	0.582	0.764	0.837	1	0.843	0.859	1	0.665	1	1	1	1	1	1	0.984	1	1	1	0.48	0.74	0.864	1	0.571	0.824	0.542	1	0.843	0.923	1	0.82
MFSD2A_chr1:39967085-39967169	0	0.939	0.931	0.996	1	NA	1	0.778	1	0.583	0.668	0.901	1	0.892	0.625	1	1	1	0.811	1	1	1	1	0.754	0.876	1	1	0.81	1	0.488	0.709	1	0.565	0.764	0.837	1	0.843	0.832	1	0.665	1	0.975	NA	1	1	1	0.984	1	1	1	0.48	0.661	0.826	NA	0.571	0.749	0.542	1	0.831	0.923	1	0.801
MXRA7_chr17:76683846-76683927	0	0	0.159	0.0461	0.181	0	0.102	0.0654	0.105	0.0168	0	0.134	0.369	0.0876	0.0603	0.231	0.2	0.252	0.0541	0.206	0	0.0546	0.143	0.0534	0.102	0.115	0.301	0.0985	0.288	0.108	0.0142	0.327	0.0276	0.0622	0.0659	0.086	0.0857	0.0451	0.321	0.0206	0.565	0.166	0.416	0.0469	0.0986	0.167	0.0831	0.25	0.0928	0.0996	0.00798	0.0638	0.05	0.0328	0.0131	0.0291	0.143	0.276	0.102	0	0.271	0.0849
SPAG9_chr17:50975862-50975901	0.144	0.0554	0.0729	0.00984	0.0793	0.143	0.0476	0.0693	0.0988	0.103	0.0652	0.267	0.334	0.127	0.0526	0.444	0.136	0.392	0.283	0.12	0.221	0.477	0.707	0	0.0788	0.0798	0.541	0.0614	0.156	0.104	0.0213	0.317	0.0802	0.0404	0.193	0.971	0.0241	0.0968	0.311	0.0698	0.542	0.165	0.167	0.992	0.132	0.544	0.0204	0.143	0.624	0.126	0.0142	0.107	0.0968	0.0935	0.00478	0.0845	0.078	0.322	0.192	0.0256	0.525	0.0459
ACSF2_chr17:50461241-50461355	0.364	0.823	0.897	1	0.976	0.791	0.576	0.622	0.919	0.447	0.729	0.598	0.964	0.684	0.467	1	1	1	0.56	1	0.509	0.791	1	0.432	0.5	0.536	1	0.833	1	0.679	0.601	1	0.584	0.573	0.721	0.877	0.702	0.578	0.963	0.493	0.78	0.977	1	0.749	1	1	NA	0.921	0.827	0.431	0.48	0.375	0.344	0.627	0.395	0.482	0.451	1	0.737	0.774	0.963	0.582
G6PC3_chr17:44074968-44075087	0.244	0.695	0.812	0.916	0.897	0.942	0.594	0.686	0.94	0.427	0.705	0.679	0.885	0.692	0.607	0.84	0.951	0.95	0.412	0.956	0.575	0.683	0.819	0.866	0.822	0.68	0.942	0.807	0.956	0.719	0.48	0.898	0.608	0.67	0.48	0.505	0.77	0.546	0.91	0.604	0.807	0.8	0.947	0.499	0.911	0.894	1	0.891	0.712	0.499	0.528	0.575	0.581	0.632	0.444	0.351	0.451	0.909	0.648	0.749	0.957	0.565
TXNL4A_chr18:79976717-79976787	0.126	0.0763	0.0243	0.0189	0.0333	0.122	0.0717	0.147	0.0525	0.143	0.0679	0.0377	0.00863	0.111	0.0573	0.0154	0.0439	0.0104	0.0597	0.00993	0.125	0.0162	0.0371	0.0205	0.089	0.0362	0.0345	0.0618	0.0988	0.11	0.0601	0.0245	0.0762	0.0896	0.0531	0.0819	0.0558	0.0621	0.0405	0.145	0.0419	0.0772	0.0111	0.159	0.0282	0.0277	0.0166	0.025	0.0335	0.102	0.106	0.0855	0.0432	0.0617	0.124	0.0837	0.0625	0.0137	0.131	0.0365	0.0158	0.112
INO80C_chr18:35480452-35480563	1	0.916	0.97	0.876	0.891	0.883	0.892	0.903	0.862	0.904	0.929	0.924	0.907	0.893	0.93	0.938	0.864	0.795	0.975	0.874	0.911	0.846	0.913	0.851	0.841	0.873	0.767	0.936	0.869	0.907	0.93	0.868	1	0.899	0.899	0.901	0.857	0.925	0.725	0.961	0.883	0.85	0.85	0.985	0.929	0.923	0.951	0.738	0.894	0.978	0.93	0.916	0.913	0.963	0.935	0.861	1	0.915	0.913	1	0.822	1
INO80C_chr18:35479299-35479411	1	0.916	0.97	0.867	0.891	0.883	0.892	0.903	0.86	0.904	0.929	0.924	0.907	0.893	0.911	0.924	0.864	0.795	0.975	0.874	0.911	0.846	0.913	0.851	0.841	0.873	0.767	0.936	0.869	0.907	0.93	0.868	1	0.893	0.899	0.901	0.857	0.909	0.725	0.961	0.883	0.828	0.85	0.985	0.929	0.923	0.951	0.738	0.894	0.978	0.93	0.916	0.913	0.963	0.935	0.861	1	0.915	0.913	1	0.822	1
TYMS_chr18:669071-669173	1	0.993	0.987	0.965	0.995	1	0.95	0.992	0.972	0.982	0.933	0.996	1	1	0.99	0.999	1	1	1	1	1	0.997	1	0.98	1	0.983	1	0.991	1	0.99	1	1	0.993	0.975	0.991	1	1	0.979	1	0.98	1	1	1	0.99	1	0.999	0.983	1	1	0.988	0.99	0.984	0.98	0.99	0.968	1	1	0.998	0.99	0.98	1	0.988
EVI5L_chr19:7857091-7857124	0	0	0	0.04	0.0641	0	0.0986	0.111	0	0	0	0	0.255	0	0.0864	0	0.342	0.364	0.0435	0.0968	0	0.172	0.589	0	0.333	0.0667	0.235	0.0857	0.379	0	0.12	0.143	0	0.0909	0.0429	0.536	0	0.0248	0.18	0.0435	0.0909	0.14	0.2	0.83	0.333	0.115	0	0.0476	0.168	0	0.0141	0.0267	0.1	0.0811	0	0	0.0454	0.646	0	0.182	0.178	0
LBR_chr1:225410290-225410416	0.858	0.974	0.871	0.96	0.967	0.905	0.974	0.971	0.938	0.881	0.866	0.938	0.945	0.877	0.861	0.97	0.9	0.926	0.933	0.934	0.923	0.948	0.952	0.848	1	0.804	0.922	0.868	0.911	0.934	0.892	0.974	0.763	0.97	0.848	0.951	0.959	0.906	0.946	0.879	0.97	0.951	1	0.915	0.858	0.971	0.954	0.94	0.95	0.77	0.833	0.947	0.957	0.893	0.918	0.942	0.872	0.977	0.966	0.865	0.95	0.748
TEAD2_chr19:49357251-49357314	1	1	1	NA	0.991	1	1	1	0.999	1	1	1	1	1	1	0.995	1	0.997	1	1	1	1	1	1	1	1	1	1	1	1	1	1	1	1	0.998	1	1	1	1	1	1	1	1	0.992	1	0.993	NA	1	1	1	1	1	1	1	1	1	1	0.992	1	1	1	1
MKNK2_chr19:2046185-2046283	0.983	1	0.991	0.998	0.996	1	0.984	0.978	0.992	0.977	0.995	0.992	1	0.99	0.994	0.939	0.987	0.998	0.987	0.988	0.985	0.961	0.993	1	1	0.963	0.991	0.965	1	0.981	0.985	1	0.996	1	1	1	0.968	0.976	1	0.991	1	0.977	1	0.985	0.985	0.985	1	1	1	0.984	0.997	1	0.983	0.985	0.987	0.992	0.989	1	0.961	0.992	0.99	0.978
ADGRL1_chr19:14164620-14164705	0.0741	0.286	NA	0.25	0.156	NA	0.437	0.333	0.212	0.277	0.274	0.25	0.0833	0.0909	0.365	0.0826	0.247	0.175	0.0526	0.1	0.143	0.28	0.238	0.232	0.333	0.667	0.235	0.507	0.286	0.176	0.0968	0.182	0.17	0.335	0.143	0.125	0.0769	0.268	0.2	0.529	0.5	0.333	0	0.224	0	0.2	0	0	0.058	0.133	0.076	0.159	0.413	0.222	0.29	0	0.0909	0.205	0.294	0.156	0.118	NA
DNM2_chr19:10796060-10796199	1	0.97	0.813	0.796	0.874	1	0.874	0.956	0.931	0.961	0.918	0.967	0.709	0.954	0.907	0.713	0.544	0.675	0.958	0.711	0.93	0.937	0.724	0.901	0.874	0.858	0.806	0.88	0.631	0.921	0.968	0.74	0.924	0.959	0.95	0.821	0.864	0.972	0.716	0.975	0.825	0.741	0.894	0.805	0.776	0.826	0.808	0.869	0.92	0.976	0.911	0.808	0.808	0.885	0.933	0.973	0.826	0.53	0.925	0.852	0.678	0.907
DNM2_chr19:10808568-10808580	0.807	0.634	0.603	0.792	0.452	0.691	0.477	0.747	0.612	0.682	0.805	0.765	0.265	0.626	0.76	0.0418	0.204	0.139	0.665	0.34	0.612	0.0921	0.342	0.594	0.724	0.608	0.0569	0.57	0.3	0.769	0.673	0.104	0.816	0.676	0.735	0.0698	0.701	0.642	0.093	0.75	0.293	0.18	0.471	0.0476	0.237	0.301	0.918	0.465	0.124	0.862	0.617	0.603	0.469	0.766	0.656	0.788	0.822	0.115	0.619	0.457	0.0572	0.722
BORCS8-MEF2B_chr19:19180685-19180761	0.568	0.946	0.888	0.936	0.824	1	0.825	0.67	0.89	0.743	0.834	0.879	0.951	0.928	0.751	0.97	0.907	0.92	0.718	0.935	0.719	0.867	0.952	0.922	0.779	0.942	0.927	0.95	0.894	0.706	0.539	0.8	0.487	0.875	0.899	1	0.777	0.871	1	0.766	0.798	0.932	NA	0.76	0.78	0.962	1	1	0.924	0.48	0.575	0.95	0.961	0.619	0.551	1	0.851	0.93	0.889	0.607	0.915	0.55
MYO9B_chr19:17180926-17181040	0.672	0.879	0.742	0.978	0.887	1	0.774	0.913	0.844	0.672	0.871	0.762	0.96	0.784	0.798	0.973	0.983	0.873	0.781	0.976	0.875	0.949	1	0.897	0.773	0.731	0.956	0.854	0.967	0.718	0.903	1	0.868	0.862	0.886	0.954	0.793	0.763	1	0.842	1	0.893	1	0.974	0.978	0.929	1	0.937	0.929	0.737	0.905	0.851	0.717	0.839	0.798	0.79	0.739	0.962	0.857	0.902	0.983	0.782
EPN1_chr19:55677549-55677734	0.519	0.168	0.357	0.0817	0.00609	0.625	0.0932	0.647	0.372	0.0922	0.216	0.746	0.22	0.293	0.0816	0.00183	0.025	0.00346	0.333	0.361	0.824	0.00993	0.125	0.0538	0.588	0.0854	0.143	0.227	0	0.828	0.355	0.714	0.344	0.238	0.172	0.0121	0.667	0.142	0.176	0.0451	0.55	0.0213	0.5	0.00545	0	0.0227	0.25	0.6	0.333	0.643	0.218	0.074	0.0924	0.5	0.0282	0.688	0.588	0.00866	0.0768	0.238	0	0.632
ENSG00000268362_chr19:24048936-24049014	0	0.114	0.182	0.448	0.132	0.333	0	0	0.0732	0	0	0.8	0.296	0.182	0.0526	0.318	0.115	0.577	0.385	0.1	0	0.0625	0.2	0.0625	0.652	0.0294	0	0.38	0.135	0	0	0.4	0	0	0.543	0.571	0.263	0.0952	0.158	0.11	0.111	0.613	0.667	0.133	0.333	0.143	0.333	0	0.13	0.182	0	0.0769	0	0.0588	0.0833	0.25	0.25	0.333	0	0	0.371	0.2
GPI_chr19:34399206-34399335	0.98	0.993	1	0.999	1	0.977	0.998	1	0.998	0.982	0.984	0.988	0.998	0.997	0.998	1	1	1	0.993	1	0.99	1	1	0.999	0.983	0.998	0.995	0.998	0.996	0.985	0.984	1	0.994	0.993	0.991	1	0.997	0.987	1	0.996	1	0.999	1	0.999	1	1	1	1	0.999	0.996	0.995	0.987	0.994	1	0.997	0.982	0.987	1	0.997	1	1	0.997
LSR_chr19:35262545-35262692	0.109	0.505	0.458	0.685	0.782	0.198	0.476	0.1	0.669	0.26	0.401	0.178	0.573	0.226	0.265	0.882	0.855	0.695	0.15	0.636	0.171	0.853	0.778	0.772	0.4	0.588	0.71	0.775	0.665	0.209	0.0838	NA	0.171	0.343	0.382	NA	0.372	0.261	0.64	0.275	0.487	0.655	0.649	NA	NA	0.857	0.427	0.393	0.542	0.204	0.107	0.13	0.31	0.121	0.315	0.123	0.266	0.831	0.5	0.256	0.482	0.218
CARM1_chr19:10921374-10921443	0	0.123	0.267	0.211	0.208	0	0.0506	0.333	0.136	0.0581	0.0832	0.259	0.301	0.241	0.106	0.156	0.379	0.478	0.119	0.459	0.0833	0.129	0.276	0.159	0.154	0.108	0.345	0.134	0.48	0.182	0	0.229	0.146	0.084	0.0936	0.144	0.145	0.034	0.154	0.102	0.26	0.076	0.467	0.176	0.309	0.192	0.333	0.212	0.269	0.0625	0.14	0.119	0.057	0.127	0.0766	0	0.0526	0.425	0.0597	0.138	0.568	0.217
TRIP10_chr19:6746028-6746196	0.205	0.16	0.267	0.0303	0.0196	0.345	0.105	0.381	0.149	0.197	0.192	0.0571	0.0665	0.0915	0.159	0.11	0.0526	0.0636	0.0476	0.038	0.407	0.123	0.114	0.111	0.054	0.0864	0.19	0.2	0.0667	0.192	0.567	0.312	0.0609	0.194	0.0894	0.146	0.266	0.246	0.0762	0.153	0.0933	0.0208	0.0526	0.0916	0.14	0.04	0	0.0556	0.351	0.4	0.0657	0.14	0.107	0.543	0.0834	0.194	0.441	0.124	0.232	0.127	0.0167	0.0741
POP4_chr19:29608656-29608709	1	0.995	1	1	0.994	1	0.995	1	1	0.995	1	1	1	1	1	0.992	0.989	0.994	1	1	1	0.997	1	1	0.986	1	1	1	0.914	1	1	0.97	1	1	0.994	1	1	1	1	1	1	0.996	1	0.992	1	0.993	1	0.977	1	1	1	1	0.996	1	1	1	1	0.996	1	1	1	1
SPINT2_chr19:38283626-38283797	0.981	0.985	0.986	0.984	0.989	0.989	0.973	0.98	0.982	0.975	0.943	0.988	1	0.99	0.942	0.958	1	0.972	0.98	0.992	0.987	0.966	NA	0.979	0.983	0.977	1	0.978	1	0.975	0.974	1	0.983	0.959	0.977	1	0.982	0.963	0.992	0.977	0.986	0.974	0.99	1	1	1	0.995	0.992	1	0.989	0.988	0.959	0.942	0.972	0.971	0.987	0.974	1	0.971	0.988	0.977	0.996
GYS1_chr19:48982719-48982837	1	0.989	0.978	0.978	0.985	1	1	1	0.992	0.982	0.997	0.985	0.993	0.994	0.985	0.95	0.992	0.989	1	0.979	1	0.924	1	1	1	0.973	0.938	0.977	0.965	0.991	1	0.974	0.986	0.974	0.973	0.984	1	1	0.978	0.979	0.983	0.978	0.944	0.952	0.915	0.985	1	0.98	0.951	1	0.992	0.988	0.984	1	0.986	0.95	1	0.966	0.993	0.984	0.991	1
RALY_chr20:34077027-34077245	0.962	0.998	0.959	0.995	0.994	1	0.988	0.991	0.993	0.956	0.927	0.995	1	0.996	0.978	0.993	0.998	1	0.991	1	0.987	0.992	1	0.99	0.982	0.976	1	0.976	1	0.985	0.974	1	0.996	0.989	0.991	1	0.986	0.979	1	0.994	1	0.999	1	0.997	1	0.999	1	1	0.996	1	0.996	0.886	0.96	0.983	0.994	0.992	0.966	0.995	0.985	1	1	0.987
LSM14B_chr20:62130218-62130296	0.82	0.872	1	0.906	0.941	0.845	0.855	0.824	0.973	0.778	0.9	0.618	1	0.888	0.858	1	1	1	0.758	0.94	0.87	0.967	1	0.939	0.85	0.879	1	0.926	1	0.853	0.875	1	0.848	0.887	0.771	1	0.877	0.858	1	0.876	0.945	1	0.96	1	1	0.969	0.975	1	0.946	0.768	0.834	0.757	0.794	0.772	0.851	0.624	0.75	1	0.936	0.866	1	0.824
DNMT3B_chr20:32805337-32805407	0.745	0.715	0.478	0.346	0	NA	0.347	0.8	0.878	0.702	0.947	0.718	0.0908	0.517	0.844	0.118	0.101	0.142	0.769	0.139	0.798	0.145	0	0.819	0.846	0.533	0.123	0.715	0.0776	0.929	0.857	0	0.311	0.538	0.73	0.0909	0.733	0.615	0.154	0.502	0.444	0.185	0	0.158	0	0.107	0.536	0	0.2	0.737	0.147	0.646	0.423	0.829	0.729	0	1	0.101	0.544	0.273	0.0808	0.5
DNMT3B_chr20:32806208-32806327	0.804	0.738	0.478	0.552	0.209	NA	0.426	0.8	0.85	0.739	0.97	0.821	0.178	0.676	0.844	0.118	0.396	0.176	0.769	0.315	0.632	0.22	0	0.858	0.921	0.533	0.123	0.765	0.11	0.929	0.857	0	0.392	0.665	0.836	0.0909	0.733	0.757	0.231	0.756	0.444	0.51	0.5	0.211	0.5	0.398	0.714	0	0.2	0.737	0.368	0.603	0.423	0.829	0.84	0	1	0.135	0.776	0.273	0.0763	0.5
CDS2_chr20:5185757-5185826	0.776	0.981	1	0.987	0.992	0.951	0.98	0.953	1	0.805	0.781	0.933	1	0.983	0.958	0.966	1	1	0.965	1	0.939	1	1	0.888	0.972	0.953	1	0.967	1	0.782	0.889	1	0.931	0.899	0.916	1	1	0.935	1	0.878	0.972	0.993	1	1	1	1	1	1	1	0.898	0.972	0.901	0.911	1	0.966	0.8	0.75	1	0.951	1	1	0.936
TCEA2_chr20:64068046-64068134	0.957	0.98	0.936	1	1	1	0.967	1	0.982	0.91	0.974	0.843	1	1	0.966	1	1	1	0.947	1	1	0.993	1	0.937	1	0.971	1	1	1	1	0.954	1	0.953	0.92	0.976	1	1	0.938	1	0.943	1	1	1	1	1	1	1	1	1	0.915	0.964	0.853	0.854	0.973	0.972	1	1	1	0.978	1	1	1
CDC45_chr22:19507765-19507864	1	0.968	1	1	1	1	0.978	1	0.976	0.945	0.97	1	1	0.967	0.944	1	1	1	0.979	1	1	1	1	0.97	0.969	0.992	1	0.984	1	0.972	1	1	0.924	0.974	0.939	1	1	0.963	1	0.972	1	1	1	1	1	1	0.923	1	1	0.894	0.959	0.972	0.98	0.905	0.96	1	0.84	1	0.994	1	1	0.963
ADARB1_chr21:45118563-45118619	NA	0.559	0.5	0.107	0.112	1	0.812	0	0.175	0.794	0.468	0.854	0.166	0.426	0.364	0	0.182	0	0.786	0	0.34	0.0988	0.0252	0.2	0.314	0.459	0.5	0.268	0.389	1	0.714	NA	0.172	0.625	0.255	0.4	0.306	0.778	0	0.75	0.345	0	0	0.128	0	0.332	0.0982	0.257	0.262	0	0	0.27	0.124	NA	0.266	0	0.3	0.308	0.274	1	0.667	0
AP1B1_chr22:29329711-29329720	0	0.00779	0.0303	0.0424	0.152	0.0769	0.0198	0.167	0.0333	0.00509	0.0104	0	0.258	0.0359	0.00909	0.115	0.603	0.247	0	0.208	0.0526	0.126	0.261	0.00554	0.0414	0.0064	0.137	0.024	0.521	0.0244	0	0.136	0	0.00362	0.0242	0.282	0.0625	0.00477	0.429	0.0112	0.0318	0.356	0	0.346	0.5	0.254	0	0.176	0.0874	0	0.023	0.00758	0.00533	0.111	0	0	0	0.279	0.0668	0	0.253	0
USP18_chr22:18173149-18173281	0.7	0.919	0.968	0.977	0.805	0.714	0.952	1	1	0.873	0.892	0.877	1	0.949	0.979	1	1	1	0.912	1	0.975	1	1	1	0.97	0.927	1	0.972	1	0.881	0.861	1	0.792	0.93	0.932	0.943	0.97	0.95	1	0.955	1	1	1	1	1	1	1	1	0.972	0.882	0.937	0.868	0.945	1	1	0.74	0.82	0.975	1	0.982	0.972	0.924
LAS1L_chrX:65533609-65533735	0.77	0.886	0.838	1	0.994	0.75	0.864	0.882	0.982	0.804	0.624	0.954	1	0.947	0.845	1	0.998	0.996	0.64	1	0.842	0.996	1	0.849	0.879	0.888	1	0.942	1	0.808	0.721	1	0.79	0.858	0.896	1	1	0.737	1	0.832	1	0.997	1	0.989	1	0.998	0.909	1	1	0.642	0.812	0.713	0.785	0.915	0.755	0.726	0.56	0.996	0.934	0.881	0.985	0.974
ZFX_chrX:24151690-24151800	0.37	0.616	0.472	0.654	0.388	NA	0.544	0.435	0.498	0.488	0.726	0.577	0.476	0.471	0.341	0.54	0.652	0.522	0.451	0.409	1	0.346	0.347	0.712	0.558	0.733	0.561	0.625	0.712	0.34	0.327	1	0.391	0.606	0.737	0.545	0.333	0.44	0.854	0.312	0.774	0.624	0.678	0.425	0.739	0.411	0.576	0.642	0.598	0.517	0.375	0.339	0.401	0.343	0.487	0.712	0.639	0.579	0.733	0.388	0.657	0.412
ARMCX5-GPRASP2_chrX:102601463-102601509	1	0.509	1	0.65	0.557	0.615	0.916	1	0.741	0.627	0.622	0.901	0.818	1	0.598	0.722	0.783	0.583	NA	0.629	1	NA	0.767	NA	0.91	0.824	0.787	0.578	0.757	0.868	0.895	0.769	0.838	0.726	0.733	0.894	1	0.617	0.6	0.829	0.664	1	0.476	0.592	0.619	0.913	0.69	0.705	NA	NA	0.811	0.925	1	0.802	0.92	0.758	0.831	0.872	0.839	1	0.587	1
CD99L2_chrX:150828305-150829604	0.333	0.277	0.17	0.248	0	0.5	0.186	0.462	0.278	0.112	0.402	0.158	0.0248	0.111	0.0818	0.0157	0.05	0.0524	0.353	0.0542	0.333	0.0208	0.119	0.416	0.524	0.0809	0.062	0.35	0.0391	0.218	0.565	0.0163	0.241	0.263	0.19	0	0.364	0.152	0	0.27	0.105	0.00413	0.151	0.00547	0.0115	0.0443	0.413	0.0301	0.0406	1	0.301	0.0715	0.0928	0.375	0.282	0.512	1	0.0394	0.201	0.187	0.0292	0.265
ACOT9_chrX:23734340-23734367	0.279	0.495	0.607	0.0424	0.894	0.5	0.662	0.714	0.147	0.491	0.314	0.746	0.896	0.716	0.691	0.88	0.671	0.648	0.786	0.562	0.601	0.824	0.874	0.0476	0.761	0.778	0.906	0.613	0.75	0.32	0.33	0.907	0.356	0.764	0.815	0.881	0.444	0.388	0.917	0.666	0.822	0.918	0.724	0.859	0.763	0.807	0	0.939	0.834	0	0.395	1	1	0.812	0.634	0.87	0.188	0.888	0.642	0.317	0.717	0.708
ATRX_chrX:77717130-77717243	1	1	0.956	0.963	0.888	NA	0.921	1	0.927	0.92	0.764	0.956	0.96	1	0.963	1	0.976	0.979	1	0.892	1	0.899	0.878	0.951	0.971	0.96	0.956	0.929	0.889	0.952	0.959	0.905	0.959	0.929	0.932	0.838	1	0.949	0.957	0.882	0.971	0.955	0.895	0.924	0.958	0.956	0.917	1	0.944	1	0.905	1	0.906	1	0.918	0.905	0.944	0.938	0.945	0.968	0.916	1
CASK_chrX:41555599-41555635	0.539	0.382	0.478	0.215	0.729	0.531	0.114	0.589	0.494	0.398	0.262	0.578	0.553	0.854	0.715	0.957	0.752	0.812	0.504	0.559	0.586	0.635	0.932	NA	0.613	0.477	0.75	0.394	0.713	0.365	0.283	0.841	0.238	0.355	0.455	0.776	0.368	0.203	0.548	0.701	0.838	0.46	0.582	0.833	0.668	0.894	0.559	0.792	0.705	0.0714	0.281	0.604	0.397	0.892	0.35	0.533	0.538	0.561	0.529	0.0968	0.744	0.268
ATP11C_chrX:139731650-139731755	1	1	0.972	NA	0.722	1	NA	1	0.975	0.909	0.969	0.983	0.115	1	0.932	0.694	0.85	0.907	0.956	0.521	NA	0.396	0.173	0.896	0.949	0.937	0.923	0.968	0.704	1	0.933	0.528	0.94	0.933	0.954	0.245	1	0.938	0.59	1	0.953	0.36	1	0.458	0.432	0.859	NA	0.575	0.413	0.95	0.91	0.991	0.949	1	0.968	1	1	0.147	NA	NA	0.846	0.949
ATG9A_chr2:219213007-219213065	0.348	0.954	1	1	1	1	0.858	1	1	0.759	1	0.913	1	1	0.867	1	1	1	0.857	1	1	1	1	0.89	0.864	0.742	1	0.826	1	1	0.643	1	0.686	0.902	0.916	1	0.86	1	0.785	0.877	1	1	1	1	1	1	1	1	1	0.789	0.793	0.726	0.761	1	0.686	1	0.516	1	0.904	1	1	0.507
ABCB6_chr2:219213007-219213065	0.906	0.992	1	1	1	1	0.96	1	0.992	0.895	1	0.996	0.996	1	1	1	1	1	0.987	1	1	1	1	0.953	0.984	0.972	1	0.971	1	0.952	0.983	1	0.984	0.989	0.994	1	0.984	0.986	1	0.964	1	1	1	1	1	1	1	1	1	0.94	0.964	0.916	0.943	1	0.959	1	0.927	1	0.974	1	1	0.972
INPP4A_chr2:98548954-98548969	0.188	0.206	0.222	0.147	0.0484	0.375	0.199	0.422	0.23	0.163	0.203	0.267	0	0.303	0.212	0	0	0	0.316	0.0909	0.219	0	0	0.165	0.272	0.204	0	0.196	0	0.276	0.198	0	0.243	0.184	0.284	0	0.444	0.167	0	0.125	0.3	0.021	0.087	0.0366	0	0	0.206	0.125	0.0127	0.5	0	0.274	0.157	0.233	0.162	0.312	0.278	0	0.197	0.385	0	0.448
MYO1B_chr2:191400748-191400835	0.0138	0.153	0.183	0.339	0.347	0.11	0.0692	0.0625	0.36	0.0951	0.038	0.234	0.498	0.0641	0.105	0.439	0.68	0.591	0.083	0.351	0.0305	0.47	0.4	0.11	0.13	0.177	0.425	0.412	0.509	0.0764	0.0234	0.3	0.0188	0.0366	0.194	0.119	0.139	0.0556	0.303	0.0235	0.305	0.337	0.396	0.0694	0.24	NA	0.105	0.328	0.291	0	0.00532	0.157	0.255	0.0338	0	0.0104	0.0909	0.792	0.0806	0.0336	0.362	0.023
MYO1B_chr2:191402631-191402718	0.025	0.199	0.294	0.462	0.523	0.126	0.171	0.0667	0.391	0.129	0.0739	0.318	0.683	0.109	0.15	0.576	0.679	0.644	0.127	0.399	0.0799	0.527	0.426	0.18	0.234	0.266	0.551	0.471	0.563	0.0976	0.0472	0.413	0.0208	0.0726	0.255	0.375	0.12	0.0639	0.411	0.0247	0.46	0.438	0.393	0.192	0.353	NA	0.216	0.529	0.414	0	0.00535	0.304	0.418	0.079	0	0.0299	0.05	0.858	0.117	0.105	0.526	0.0131
ITGA6_chr2:172501771-172501901	0.943	0.782	0.8	0.266	0.818	1	0.815	0.987	0.561	0.923	0.802	0.929	0.357	0.978	0.975	0.831	0.315	0.348	0.971	0.545	0.966	0.6	0.596	0.686	0.894	0.714	0.743	0.844	0.69	0.918	0.943	0.913	0.994	0.942	0.786	0.667	0.756	0.904	0.635	0.982	0.974	0.534	0.376	0.895	0.483	0.62	0.389	0.87	0.812	0.788	0.959	0.946	0.953	1	0.965	0.986	0.964	0.368	0.819	0.929	0.516	1
IFT172_chr2:27445744-27445843	0.793	0.817	0.467	0.891	0.956	1	0.689	0.967	0.936	0.474	0.457	1	0.985	0.964	0.976	0.977	1	0.936	0.842	1	0.818	0.875	1	0.9	0.806	0.325	0.86	0.391	1	0.625	0.702	1	0.923	0.784	0.695	1	0.6	0.402	1	1	1	0.967	1	1	0.889	0.86	1	1	1	0.583	1	0.663	0.6	1	1	1	0.867	0.906	0.913	0.923	0.971	0.926
MLPH_chr2:237534563-237534647	0.2	0.102	0.208	0.122	0.543	0.243	0.0442	0.0556	0.194	0.0319	0.0361	0.25	0.727	0.152	0.0536	0.561	0.694	NA	0.112	NA	0.333	1	NA	0.0631	NA	0.0638	0.692	0.5	NA	0.0322	0.0741	0.914	0.118	0.045	0.122	0.412	0	0.038	0.684	0.0274	0.6	0.49	0.695	0.361	0.439	1	0.156	0.821	1	0	0.0359	0	NA	0.101	0.0714	0.06	0.158	0.407	0.116	0.0656	1	0.25
SEPT10_chr2:109564365-109564534	0.988	1	1	0.985	0.99	1	1	1	1	1	1	1	1	1	0.998	0.998	0.995	0.996	0.971	1	1	0.963	0.996	1	0.973	0.994	0.993	1	1	1	1	0.991	0.997	1	0.957	0.994	0.987	1	1	0.996	1	0.996	1	0.994	0.983	0.985	1	1	1	1	1	0.993	0.995	1	0.998	0.988	1	0.988	1	1	0.998	1
DGKD_chr2:233468422-233468553	1	0.922	0.895	1	1	1	0.905	0.833	0.891	0.778	0.836	0.87	1	0.892	0.804	1	1	1	0.916	1	0.778	0.996	1	0.915	0.946	0.946	1	0.94	1	0.736	0.786	1	0.827	0.875	0.865	1	0.893	0.841	1	0.882	1	1	0.882	0.986	1	1	1	1	1	0.857	0.765	0.787	0.884	0.742	0.835	0.806	1	1	1	0.875	1	0.92
DTYMK_chr2:241680228-241680319	0.857	0.932	0.692	0.895	0.917	0.938	0.839	0.895	0.926	0.823	0.841	0.958	0.958	0.855	0.672	0.883	0.896	0.873	0.896	0.94	0.897	0.863	0.852	0.848	0.88	0.745	0.915	0.596	0.925	0.875	0.901	0.94	0.744	0.934	0.866	1	0.702	0.869	1	0.662	0.96	0.96	1	0.925	0.946	0.943	0.854	0.954	0.905	0.865	0.923	0.862	0.767	0.849	0.891	0.944	0.867	0.898	0.945	0.821	0.926	0.767
NPAS2_chr2:100937752-100937842	1	0.966	1	0.951	1	0.895	0.974	0.946	1	0.958	0.958	1	0.971	0.968	1	1	0.97	1	0.941	0.976	0.897	0.965	1	1	0.958	0.943	NA	0.958	0.981	0.967	0.941	NA	0.98	1	1	0.971	0.947	0.978	0.989	0.981	0.971	0.973	0.99	1	1	0.98	0.977	1	0.983	0.972	0.94	0.958	0.987	0.913	0.929	0.977	0.956	1	1	0.912	1	0.966
CCDC88A_chr2:55303068-55303152	0.12	0.362	0.4	0.567	0.585	0	0.293	0.375	0.42	0.333	0.53	0.616	0.472	0.38	0.492	0.636	0.771	0.584	0.263	0.365	0.474	0.436	0.589	NA	0.32	0.226	0.27	0.357	0.711	0.407	0.308	0.543	0.315	0.367	0.385	0.533	0.231	0.263	0.381	0.336	0.45	0.395	0.231	0.6	0.356	0.689	0.388	0.377	0.466	0.176	0	0.38	0.529	0.608	NA	0.188	0.5	0.731	0.346	0.217	0.431	0.326
KANSL3_chr2:96615491-96615544	0.29	0.151	0.188	0.0707	0.0615	NA	0.0511	0.13	0.0571	0.14	0.106	0.0834	0.015	0.111	0.185	0.0348	0.0734	0.0316	0.0745	0.0476	0.0769	0.0818	0.143	0.0515	0.0508	0.0691	0	0.179	0.0656	0.0861	0.262	0.0556	0.55	0.0492	0.0965	0.0714	0.269	0.169	0.0312	0.1	0.0502	0.027	0.0733	0.0989	0.0741	0	0.0383	0.0526	0.0633	0.364	0.251	0.173	0.0756	0.308	0.182	0.158	0.304	0.0235	0.117	0.123	0.0104	0.363
RTKN_chr2:74439550-74439977	0.0714	0.0491	0.167	0.0208	0.0863	0.111	0.0388	0.273	0.0563	0.0575	0.0508	0.215	0.304	0.0394	0.0893	0.368	0.16	0.0888	0.08	0.0833	0	0.273	0.158	0.0406	0.0628	0.0477	0.482	0.0394	0.333	0.0583	0.185	0.333	0.114	0.0413	0.0629	0.429	0.0968	0.0909	0.273	0.00873	0.159	0.148	0.556	0.23	0.5	0.0388	0.545	0.409	0.366	0.231	0.0652	0.116	0.0673	0.105	0.0213	0.188	0	0.382	0.0271	0.103	0.266	0.125
MBNL1_chr3:152446703-152446757	0.737	0.532	0.835	0.867	0.226	1	0.657	0.639	0.822	0.522	0.611	0.482	0.496	0.567	0.561	0.224	0.502	0.598	0.678	0.711	0.411	0.247	0.324	0.835	0.593	0.845	0.297	0.668	0.509	0.726	0.7	0.3	0.717	0.459	0.486	0.0806	0.819	0.577	0.246	0.464	0.593	0.207	0.5	0.0279	0.467	0.203	0.962	0.3	0.249	0.774	0.673	0.511	0.282	0.595	0.378	0.617	0.918	0.297	0.394	0.923	0.542	0.776
MBNL1_chr3:152455541-152455577	0.463	0.446	0.646	1	0.945	1	0.622	0.46	0.4	0.682	0.298	0.647	0.976	0.677	0.452	0.853	0.926	0.556	0.585	0.921	0.46	0.638	0.753	0.498	0.773	0.594	0.706	0.465	0.972	0.307	0.442	0.975	0.73	0.476	0.532	0.4	0.432	0.325	0.897	0.424	0.717	0.952	0.709	0.122	0.981	0.932	1	0.956	0.649	0.565	0.46	0.381	0.46	0.616	0.423	0.595	0.346	0.885	0.513	0.45	0.627	0.723
MAGI1_chr3:65448021-65448057	0.1	0.102	1	0.463	0.949	0	0.263	0.2	0.182	0.0574	0.0526	0.333	1	NA	0.238	1	0.5	0.852	0.25	0.6	NA	0.615	0.923	0.0986	0.273	0.371	1	0.2	0.714	0	0.152	1	0.0909	0.0857	0.105	0.947	0.312	0.103	0.9	0.5	0.63	1	0.647	0.917	0.7	0.7	0.52	1	0.632	0.167	0.037	0.271	0.167	0.5	0.064	0	0.5	0	0.125	0.167	0.727	0.143
NBEAL2_chr3:46992474-46992555	0.778	0.536	0.368	0.134	0.0794	0	0.361	0.546	0.745	0.404	0.694	0.65	0.111	0.285	0.729	0	0.104	0.057	0.361	0.18	0.5	0.0725	0.212	0.441	0.25	0.197	0.0909	0.399	0.0833	0.714	0.65	0	0.684	0.309	0.599	0.333	0.694	0.368	0.0857	0.578	0	0.0353	0.0417	0.0667	0.1	0.208	0.348	0.357	0.136	0.6	0.566	0.446	0.312	0.68	0.5	0.6	0.9	0.054	0.63	0.41	0.0725	0.429
TPRA1_chr3:127575184-127575265	0.507	0.946	1	1	1	0.868	0.984	1	1	0.674	0.861	0.807	1	0.956	0.974	1	1	1	0.942	1	1	1	1	0.967	1	0.973	0.977	1	1	0.762	0.914	1	0.817	0.929	0.914	1	0.965	0.918	1	0.929	1	0.992	1	1	1	1	1	1	1	0.819	0.899	0.86	0.882	1	0.931	0.968	0.855	1	1	0.978	1	0.948
FLNB_chr3:58141857-58141896	1	0.988	0.636	0.0929	0.0738	1	0.935	1	0.947	0.95	0.988	0.992	0.124	0.989	0.975	0.0265	0.253	0.482	0.959	0.444	0.927	0.0534	0.313	0.93	0.963	0.641	0.452	0.678	0.261	0.992	0.943	0.0912	0.722	0.993	0.968	0.904	0.816	0.957	0.308	0.97	0.896	0.22	0.671	0.903	0.0233	0.143	0.148	0.145	0.117	0.962	0.796	0.974	0.856	0.98	0.803	0.886	1	0.0455	0.818	0.876	0.574	0.649
PLOD2_chr3:146077861-146077924	0.152	0.356	0.158	0.271	0.689	0.143	0.341	0.367	0.214	0.25	0.264	0.627	0.547	0.69	0.436	0.679	0.253	0.6	0.336	0.304	0.426	0.898	0.834	0.14	0.222	0.417	0.535	0.246	0.424	0.25	0.269	0.796	0.23	0.345	0.443	0.965	0.22	0.425	0.656	0.448	0.604	0.746	0.264	0.984	0.569	0.828	0.462	0.74	0.84	0.117	0.337	0.385	0.517	0.267	0.37	0.498	0.236	0.709	0.559	0.212	1	0.297
TBC1D23_chr3:100311832-100311877	0.418	0.283	0.613	0.846	0.787	0.291	0.264	0.576	0.216	0.333	0.326	0.828	0.936	0.552	0.845	0.864	0.828	0.716	0.545	0.649	0.66	0.797	1	0.259	0.782	0.337	0.876	0.333	0.861	0.272	0.583	0.972	0.718	0.366	0.599	0.926	0.465	0.396	0.77	0.435	0.788	0.828	0.507	0.929	0.888	0.751	0.831	0.881	0.859	0.574	0.217	0.65	0.607	0.944	0.366	0.792	0.42	0.956	0.629	0.405	0.747	0.788
CRBN_chr3:3152455-3152587	1	1	1	1	0.949	1	1	1	1	0.988	1	0.977	0.982	1	1	1	0.989	0.985	1	0.976	1	0.976	1	0.981	1	1	0.986	0.97	1	1	1	0.974	1	1	0.971	1	1	1	0.78	1	0.968	0.838	0.976	1	0.948	0.954	1	0.976	0.989	1	1	1	1	1	1	0.967	1	0.986	0.984	1	0.986	1
SLC12A8_chr3:125088309-125088370	0.892	0.941	0.882	0.68	0.747	0.943	0.748	1	1	0.918	0.878	1	1	1	0.916	1	0.929	0.86	1	1	0.79	0.768	1	0.963	1	0.924	1	0.98	1	0.943	0.944	1	0.617	1	0.958	1	0.943	0.948	1	0.794	0.947	1	1	0.89	NA	NA	1	1	0.934	NA	0.943	0.979	1	0.861	0.942	0.875	1	0.861	0.958	0.785	1	0.652
CTDSPL_chr3:37957110-37957143	0.676	0.436	0.8	0.357	0.37	0.5	0.593	0.543	0.57	0.397	0.514	0.602	0.628	0.599	0.582	0.394	0.579	0.259	0.658	0.423	0.579	0.507	0.333	0.347	0.558	0.667	0.432	0.461	0.586	0.495	0.623	0.435	0.739	0.447	0.469	0.546	0.669	0.546	0.146	0.642	0.325	0.117	0.497	0.571	0.647	0.265	0.366	0.447	0.583	0.627	0.68	0.628	0.555	0.688	0.525	0.699	0.592	0.612	0.533	0.653	0.392	0.806
ENAH_chr1:225504990-225505053	0.52	0.873	0.493	0.059	0.13	0.889	0.655	0.786	0.859	0.559	0.805	0.686	0.021	0.666	0.907	0.0285	0.00974	0.266	0.591	0.0673	0.562	0.0311	0.0106	0.543	0.558	0.466	0.0694	0.773	0.0205	0.834	0.637	0.0144	0.323	0.717	0.649	0.0205	0.752	0.636	0.025	0.756	0.713	0.0833	0.187	0.0401	0.00602	0.0259	0.0354	0.0546	0	0.423	0.199	0.784	0.782	0.78	0.509	0.301	0.782	0.0348	0.446	0.609	0.249	0.273
RUBCN_chr3:197691073-197691148	0.167	0.261	0.333	0.0909	0.553	NA	0.0454	0.154	0.0503	0.138	0.173	0.474	0.355	0.429	0.405	0.523	0.125	0.273	0.2	0.4	0.125	0.385	0.682	0.0707	0.28	0.195	0.684	0.0891	0.429	0.235	0.214	0.818	0.36	0.0625	0.117	0.66	0.25	0.0656	0.412	0.414	0.4	0.195	0.294	0.933	0.714	0.386	0	0.615	0.467	0	0.339	0.29	0.241	0.391	0.333	0.6	0	0.581	0.165	0.0714	0.256	0.333
GOLGB1_chr3:121719645-121719753	0.824	0.898	0.702	0.612	0.498	NA	0.398	0.905	0.806	0.756	0.843	0.925	0.58	0.744	0.711	0.329	0.557	0.67	0.742	0.531	0.802	0.47	0.672	0.918	0.682	0.848	0.499	0.809	0.729	1	0.878	0.863	0.616	0.958	0.723	0.729	0.891	0.709	0.486	0.558	0.677	0.302	0.84	0.326	0.527	0.629	0.661	0.401	0.544	0.72	0.688	0.951	0.769	0.635	0.683	0.596	1	0.36	0.791	0.374	0.533	0.648
CLCN3_chr4:169717791-169717867	0.27	0.308	0.312	0.158	0.182	0.454	0.215	0.36	0.202	0.185	0.257	0.26	0.384	0.161	0.204	0.183	0.217	0.128	0.1	0.182	0.238	0.179	0.0811	0.316	0.222	0.21	0.0769	0.206	0.364	0.333	0.48	0.231	0.182	0.24	0.206	0.184	0.4	0.291	0.188	0.225	0.16	0.168	0.163	0.111	0.178	0.173	0.105	0.229	0.106	0.192	0.117	0.274	0.322	0.333	0.233	0.219	0.137	0.143	0.225	0.182	0.225	0.212
USO1_chr4:75795335-75795356	0.861	0.493	0.463	0.0252	0.0403	0.6	0.134	0.694	0.378	0.666	0.914	0.608	0.0177	0.674	0.484	0.00397	0	0.0154	0.6	0.0622	0.643	0.0216	0.011	0.117	0.906	0.324	0.0172	0.425	0	0.913	0.624	0.0137	0.808	0.706	0.806	0.0222	0.458	0.474	0.0106	0.692	0.596	0.0242	0.071	0.00719	0.0171	0.0156	0.0482	0.0345	0.0143	0.437	0.144	0.821	0.491	0.662	0.373	0.93	0.81	0.0101	0.552	0.0728	0.0153	0.74
CCDC50_chr3:191375061-191375589	0.517	0.534	0.098	0.146	0.0266	0.52	0.165	0.624	0.484	0.13	0.5	0.185	0.213	0.346	0.36	0.0134	0.0407	0.00936	0.326	0.0422	0.16	0.0373	0.0862	0.177	0.133	0.144	0.0656	0.196	0.224	0.644	0.591	0.112	0.434	0.212	0.178	0.0643	0.724	0.234	0.0345	0.519	0.189	0.0318	0.0351	0.0383	0.154	0.0103	0.243	0.309	0.179	0.654	0.435	0.626	0.383	0.36	0.479	0.0984	0.571	0.0608	0.0858	0.403	0.0374	0.208
CGN_chr1:151535599-151535683	1	0.988	1	1	1	1	0.947	1	0.939	0.902	0.973	0.989	1	1	0.955	1	1	1	1	1	1	1	NA	0.945	1	0.948	1	0.936	1	1	0.978	0.5	1	0.962	0.974	0.5	0.991	0.961	NA	0.987	1	1	NA	1	1	1	1	1	1	0.967	1	0.964	0.982	0.961	1	1	1	1	0.984	1	0.929	1
FAM13A_chr4:88737471-88737555	1	1	NA	NA	0.831	NA	0.588	1	0.929	0.87	0.924	0.923	0.607	0.846	0.961	0.556	0.621	0.552	0.75	1	NA	0.626	0.614	0.867	0.714	0.862	0.5	0.88	0.667	0.913	1	0.5	1	0.889	0.853	0.765	0.95	0.915	1	0.939	0.765	0.574	0.714	0.838	0.647	0.692	NA	0.857	0.603	1	0.846	0.962	0.9	1	0.917	0.79	1	0.581	0.756	0.676	0.344	1
RAPGEF2_chr4:159351058-159351181	0.368	0.574	0.4	0.5	0.552	1	0.556	0.833	0.667	0.6	0.574	0.667	0.429	0.667	0.482	0.5	0.474	0.534	0.714	1	1	0.387	0.743	0.6	0.765	0.634	0.543	0.652	0.515	0.714	0.333	0.75	0.696	1	0.484	0.867	0.588	0.588	0.429	0.625	0.79	0.421	0.686	0.532	0.846	0.444	0.714	0.486	0.709	0.484	0.667	0.724	0.714	0.625	0.36	0.4	0.778	0.459	0.574	0.6	0.594	0.63
LIMCH1_chr4:41638931-41638967	0.714	0.0767	0.364	NA	0.732	NA	0.0882	0.579	0.212	0.156	0.122	0.444	0.778	0.818	0.4	NA	0.429	0.941	0.52	1	0.256	0.753	0.993	0.065	0.724	0.241	1	0.294	0.8	0.2	0.333	NA	0.278	0.185	0.123	1	0.714	0.133	0.933	0.778	1	0.907	0.473	0.889	NA	1	NA	1	0.982	1	0.273	0.782	0.718	0.758	0.358	0.875	0.6	0.956	0.41	0.333	0.806	0.5
LIMCH1_chr4:41670717-41670792	0.184	0.0969	0.0222	0	0	0.0882	0.0382	0.171	0.183	0.161	0.302	0.0435	0	0.0952	0.105	NA	0	0.0104	0.0353	0	0.0333	0	0.00238	0.102	0	0.018	0	0.18	0	0.229	0.0968	NA	0.00571	0.16	0.0411	0	0.111	0.0672	0	0.0147	0	0	0.018	0	NA	0	0	0	0	0	0.0435	0.184	0.0956	0.0657	0.151	0	0.25	0	0.0113	0.0135	0	0
ADD1_chr4:2909338-2909431	0	0.0234	0.0327	0.0207	0.0419	0	0.0181	0.0346	0.0169	0.0123	0.0102	0.016	0.0371	0	0.0164	0.028	0.0331	0.0277	0.0196	0.0546	0	0.0227	0.0186	0.0277	0.0538	0.0233	0.075	0.0205	0.047	0.0189	0	0.0943	0	0.0169	0.00588	0.0408	0.0135	0.00342	0.0449	0.00427	0.0577	0.0258	0.0641	0.0387	0.02	0.0218	0.0833	0.0486	0.0161	0.0222	0.0132	0.0412	0.0389	0.019	0.0197	0	0	0.0816	0.00823	0.033	0.0268	0.0127
SEC31A_chr4:82842184-82842481	0.8	0.965	0.952	1	0.828	1	0.93	0.834	0.95	0.893	0.947	0.799	0.872	0.89	0.883	0.518	0.783	0.749	0.944	0.868	0.853	0.496	0.608	0.98	0.818	0.943	0.619	0.923	0.839	0.961	0.958	0.597	0.795	0.885	0.917	0.227	0.924	0.923	0.643	0.887	0.691	0.604	0.885	0.21	0.463	0.679	0.981	0.869	0.405	0.958	0.909	0.955	0.982	0.826	0.886	0.632	0.957	0.893	0.685	0.933	0.772	0.941
GALNT7_chr4:173297794-173297977	0	0	0	0	0.182	0	0.0297	0	0.015	0	0	0.0197	0.24	0	0.0352	0.343	0.485	0.298	0.0833	0.0588	0	0.174	0.3	0.0389	0	0	0.302	0.0739	0.28	0	0	0.283	0.0664	0	0	0.299	0.222	0	0.197	0.0335	0	0.181	0.0488	0.4	0.235	0.201	0.0769	0.0962	0.14	0	0	0.0349	0.0381	0.0412	0.0359	0	0.0442	0.467	0.029	0.0623	0.162	0
GALNT7_chr4:173298114-173298297	1	1	1	1	0.818	1	0.97	1	0.854	1	1	0.98	0.76	1	0.965	0.657	0.523	0.702	1	0.941	1	0.826	0.7	0.961	1	1	0.698	0.952	0.72	1	1	0.717	0.958	1	1	0.701	0.778	1	0.803	0.974	1	0.816	0.951	0.6	0.765	0.794	1	0.904	0.86	1	1	0.977	0.968	0.959	0.964	1	1	0.53	0.981	0.938	0.838	1
WDFY3_chr4:84726860-84726911	0.333	0.466	0.429	0.28	0.472	0	0.486	0.882	0.467	0.229	0.329	0.778	0.623	0.46	0.568	0.646	0.614	0.902	0.535	0.667	0.579	0.6	0.703	0.333	0.622	0.367	0.706	0.274	0.692	0.362	0.429	1	0	0.438	0.447	0.897	0.357	0.366	0.346	0.5	0.704	0.385	0.65	0.73	0.573	0.798	0.205	0.536	0.613	0.135	0.0938	0.563	0.681	0.615	0.626	0.412	0.6	0.814	0.6	0.25	0.893	0
FAT1_chr4:186590367-186590403	0	0	0	0.0455	0.0765	0	0	0	0	0	0	0.033	0.0833	0.0318	0.0791	0.242	0	0.111	0	0.0286	0	0.24	0.626	0	0	0.0184	0.245	NA	0	0	0	0.4	0	0.0235	0	0.831	NA	0.03	0.0469	0.037	0.138	0.0409	0	0.696	0.13	0.0172	0.112	0.22	0.282	0	0	0	0.0143	0.138	0	0.0822	0	0.14	0.0135	0	0.107	0
SMYD2_chr1:214305186-214305250	0.971	0.93	0.945	0.945	0.994	0.97	0.859	0.983	0.919	0.934	0.955	0.993	0.995	0.961	0.922	0.959	0.95	0.968	0.964	0.979	0.978	0.952	0.914	0.882	0.876	0.945	1	0.93	0.982	0.941	1	1	0.963	0.928	0.952	1	0.89	0.967	0.978	0.944	0.959	0.981	0.92	0.937	0.927	0.976	0.957	0.973	0.988	0.948	0.942	0.965	0.883	0.978	0.916	1	0.959	0.946	0.904	0.927	0.976	0.982
BRD9_chr5:868606-869119	0.274	0.0821	0	0.0531	0.0145	0	0.212	0.0568	0.0413	0.214	0.0738	0.0417	0.0229	0.128	0.0628	0.00743	0.012	0.0188	0.0192	0.0589	0.188	0.00883	0.0629	0.0674	0.115	0.0224	0.106	0.17	0.0254	0.0906	0.0222	0	0.474	0.135	0.048	0.0233	0.16	0.0291	0.0175	0.192	0.0849	0.0148	0.0569	0.0211	0.0333	0.0498	0.0645	0.0661	0.0138	0.244	0.587	0.0617	0.0633	0.0706	0.106	0.165	0.0725	0.0259	0.238	0.079	0	0.201
SH3TC2_chr5:149012583-149012734	1	0.965	1	1	1	1	0.979	1	NA	0.926	0.975	1	1	1	0.984	NA	1	1	1	0.867	0.8	1	NA	1	1	0.667	1	NA	1	1	0.714	NA	1	0.92	1	1	1	0.971	1	0.917	0.949	1	NA	1	1	0.971	NA	0.508	1	1	1	0.964	0.857	1	1	1	NA	1	0.948	0.95	1	0.778
ANXA6_chr5:151110626-151110644	0.16	0.34	0.371	0.722	0.746	0.5	0.396	0.579	0.472	0.24	0.19	0.312	0.885	0.39	0.479	0.864	0.919	0.867	0.31	0.679	0.733	0.798	0.816	0.317	0.454	0.447	0.784	0.471	0.904	0.222	0.192	0.833	0.333	0.319	0.4	0.856	0.394	0.351	0.781	0.316	0.54	0.682	0.617	0.847	0.581	0.75	0.639	0.748	0.761	0.333	0.153	0.336	0.394	0.613	0.224	0	0.214	0.922	0.446	0.423	0.852	NA
SLC22A5_chr5:132390775-132390904	0.724	0.831	1	0.966	1	0.812	0.866	0.943	0.966	0.63	0.803	0.931	0.962	0.657	1	1	1	1	0.7	1	0.863	0.851	0.89	0.965	0.832	0.866	0.842	0.824	1	0.838	0.523	1	0.791	0.904	0.84	0.909	0.818	0.833	1	0.57	1	0.851	1	0.904	1	0.893	1	1	0.905	0.621	0.862	0.853	0.906	0.764	0.824	0.746	0.462	1	0.791	0.944	1	0.893
BRD8_chr5:138164086-138164133	0.848	0.714	0.976	0.782	0.882	0.929	0.777	0.804	0.733	0.656	0.847	0.91	0.97	0.908	0.833	0.791	0.79	0.827	0.952	0.982	0.871	0.852	0.973	0.67	0.954	0.846	0.963	0.562	0.952	0.828	0.853	0.976	0.875	0.719	0.787	0.968	0.81	0.808	0.944	0.848	0.926	0.781	0.906	0.832	0.963	0.72	0.951	0.898	0.953	0.848	0.931	0.927	0.695	0.947	0.871	0.89	0.867	0.758	0.844	0.912	0.928	0.897
CAST_chr5:96726793-96726859	0.0188	0.0431	0.0227	0.0108	0.0179	0.0274	0.0174	0.0267	0.0104	0.00892	0.0258	0.0344	0.0413	0.0686	0.0278	0.146	0.259	0.102	0.0219	0.0473	0.0695	0.16	0.33	0.0154	0.044	0.0177	0.132	0.027	0.155	0.0416	0.012	0.133	0.0168	0.0328	0.0206	0.561	0.023	0.019	0.0694	0.0284	0.0864	0.0785	0.0788	0.578	0.0651	0.261	0	0.0189	0.0813	0.0306	0.0146	0.0394	0.028	0.025	0.0235	0.028	0.0107	0.142	0.0525	0.02	0.107	0.0141
ENSG00000272869_chr5:112864620-112864732	1	1	1	1	0.875	1	0.795	1	0.948	0.955	0.867	0.755	1	1	0.94	0.913	0.833	0.742	1	0.783	1	0.842	0.969	0.96	0.894	0.855	0.896	1	1	0.982	1	0.91	1	1	0.962	1	1	1	0.964	1	0.972	1	0.909	0.95	1	0.869	1	1	0.956	1	1	1	0.78	1	1	0.9	1	1	0.955	0.867	0.726	1
RAPGEF6_chr5:131450022-131450046	0.205	0.0388	0	0.0584	0.101	NA	0	0	0	0.0314	0.0508	0.057	0.0783	0	0	0.325	0.0922	0.243	0	0.216	0.231	0.197	0.322	0	0.169	0	0.258	0	0.121	0	0	0.31	0	0	0.0428	0.496	0.324	0	0.12	0.247	0.217	0.08	0	0.195	0.3	0.157	0	0	0.186	0	0	0.0668	0	0.146	0	0.163	0	0.0774	0.0429	0	0.366	0
MRPL2_chr6:43056080-43056196	0.978	0.957	0.923	0.866	0.841	0.929	0.949	0.95	0.929	0.938	0.932	0.951	0.831	0.936	0.935	0.82	0.966	0.815	0.797	0.92	0.92	0.915	0.928	0.934	0.946	0.96	0.927	0.963	0.932	0.892	1	0.907	0.984	0.937	0.927	0.883	0.917	0.972	0.85	0.958	0.914	0.887	0.883	0.939	0.817	0.921	0.83	0.789	0.932	0.872	0.98	0.94	0.934	0.928	0.968	0.947	0.891	0.89	0.977	0.875	0.759	0.971
MRPL2_chr6:43055896-43056007	0.978	0.955	0.9	0.85	0.84	0.928	0.936	0.95	0.923	0.926	0.932	0.884	0.826	0.927	0.935	0.79	0.954	0.815	0.797	0.92	0.92	0.915	0.928	0.927	0.945	0.96	0.906	0.931	0.932	0.892	1	0.907	0.976	0.917	0.901	0.883	0.918	0.972	0.85	0.958	0.914	0.887	0.883	0.939	0.816	0.921	0.83	0.789	0.931	0.872	0.975	0.933	0.934	0.928	0.968	0.947	0.889	0.89	0.977	0.874	0.654	0.925
EPB41_chr1:29097806-29097935	0.829	0.916	0.918	0.927	0.898	NA	0.889	1	0.785	0.958	0.875	1	0.962	0.86	0.854	1	0.967	0.925	0.876	0.933	0.692	1	1	0.873	0.922	0.883	1	0.942	1	0.921	0.82	1	0.923	0.92	0.952	1	0.79	0.827	1	0.854	1	1	0.912	1	0.839	0.958	0.922	0.955	0.967	0.895	0.904	0.803	0.92	1	1	0.899	0.883	0.99	0.931	0.823	0.938	0.966
RNF146_chr6:127282286-127282395	0.25	0.0335	0.0395	0.092	0.101	0	0.0274	0.148	0.0162	0.0457	0.0248	0.189	0.198	0.108	0.088	0.104	0.0962	0.0598	0.0511	0.154	0	0.155	0.222	0.0361	0.0546	0.00895	0.101	0.0627	0.0873	0.0423	0.0952	0.2	0.0769	0.0212	0.0397	0.289	0.116	0.0272	0.138	0.037	0.13	0.0918	0.113	0.157	0.0976	0.179	0.159	0.139	0.103	0.069	0.0569	0.0655	0.0495	0.0748	0.021	0.0447	0.061	0.249	0.047	0.0559	0.0851	0.123
CLSTN1_chr1:9737497-9737554	0.0312	0.0406	0.407	0.00195	0.64	0.0488	0.246	0.156	0.125	0.0838	0.0348	0.194	0.868	0.322	0.312	0.873	0.144	0.671	0.27	0.274	0.318	0.881	0.996	0.0206	0.216	0.546	0.975	0.0476	0.159	0.0384	0.0497	0.895	0.0374	0.135	0.1	0.989	0.0312	0.142	0.638	0.272	0.855	0.736	0.135	0.989	0.489	0.662	0	0.772	0.934	0.0133	0.0437	0.39	0.407	0.383	0.157	0.306	0.12	0.858	0.32	0.12	0.66	0.055
PRR3_chr6:30561327-30561508	1	0.59	0.462	0.574	0.401	0.764	0.422	0.915	0.713	0.886	0.749	0.688	0.297	1	0.937	0.248	0.358	0.557	0.794	0.621	0.722	0.366	0.625	0.811	0.628	0.537	0.585	0.566	0.389	0.794	0.931	0.279	1	0.757	0.49	0.505	0.842	0.815	0.522	0.876	0.806	0.419	0.566	0.332	0.728	0.351	0.951	0.661	0.418	0.851	0.953	0.668	0.314	0.968	0.68	0.87	0.873	0.407	0.618	0.61	0.326	1
KIF13A_chr6:17771113-17771218	0.937	0.893	0.6	0.922	0.0949	0.875	0.835	0.754	0.865	0.825	0.882	0.681	0.22	0.41	0.735	0.149	0.458	0.236	0.608	0.333	0.429	0.149	NA	0.886	0.864	0.714	0.298	0.871	0.343	0.765	0.968	0.197	0.679	0.835	0.824	0.037	0.714	0.908	0.164	0.398	0.0714	0.156	0.461	0.0311	0.191	0.0962	0.895	0.204	0.189	0.901	0.253	0.65	0.571	0.648	0.333	0.71	0.946	0.154	0.472	0.738	0.231	0.579
CAP2_chr6:17507640-17507650	0.643	0.506	0.79	0.636	0.98	1	0.468	0.319	0.53	0.465	0.434	0.843	0.949	0.73	0.606	0.765	0.896	0.864	0.611	0.898	0.448	0.839	0.845	0.238	0.61	0.445	0.95	0.469	1	0.523	0.778	0.981	0.359	0.462	0.636	0.962	0.5	0.599	0.733	0.316	0.836	0.488	0.965	0.91	0.966	0.95	0.667	1	0.984	0.606	0.515	0.747	0.711	0.946	0.562	0.295	0.368	0.939	0.418	0.591	0.801	0.711
PPOX_chr1:161168431-161168576	0.926	0.902	0.908	0.806	0.819	0.667	0.79	0.69	0.889	0.857	0.928	0.959	0.705	0.879	0.955	0.644	0.815	0.767	0.816	0.955	1	0.724	0.88	0.897	0.763	0.889	0.914	0.827	0.837	1	1	0.854	0.964	0.853	0.852	0.698	0.82	0.978	0.588	0.895	0.709	0.78	0.842	0.773	0.732	0.889	1	0.789	0.828	0.94	0.925	0.831	0.737	0.762	0.875	0.726	1	0.687	1	0.615	0.955	0.919
PPOX_chr1:161168992-161169183	0.926	0.985	1	0.934	0.848	1	0.958	1	0.978	0.965	0.983	0.959	0.868	1	0.944	0.797	0.94	0.924	1	0.955	1	0.898	0.88	0.95	1	0.923	0.914	0.982	1	1	1	0.854	1	0.887	0.907	0.916	0.82	1	0.888	0.92	0.839	0.865	0.959	0.892	0.732	0.912	1	0.789	0.828	0.94	0.947	0.937	0.95	0.762	0.915	0.726	1	0.883	1	0.85	0.955	0.919
ARHGEF11_chr1:156938417-156938513	0.188	0.108	0.0526	0.18	0.945	0.25	0.178	0.362	0.229	0.14	0.164	0.117	0.974	0.136	0.225	0.849	1	0.835	0.236	0.704	0.2	0.829	0.894	0.254	0.186	0.0862	0.897	0.189	1	0.0571	0.361	1	0.319	0.101	0.118	0.751	0.263	0.166	0.95	0.111	0.234	0.544	0.904	0.944	0.827	0.895	0.341	0.873	1	0.261	0.284	0.187	0.318	0.543	0.0555	0.279	0.333	1	0.164	0.333	0.884	0.105
HERPUD2_chr7:35673200-35673278	0.893	0.937	1	0.905	0.915	0.857	0.934	0.967	0.948	0.858	0.914	0.88	0.94	0.89	0.914	0.888	0.779	0.949	0.883	0.791	0.779	0.941	0.899	0.949	0.778	0.954	0.797	0.946	0.597	0.888	0.89	0.679	0.922	0.892	0.951	0.741	1	0.878	0.889	0.902	0.788	0.985	0.624	0.946	0.807	0.898	0.967	0.854	0.794	1	0.979	0.882	0.977	0.837	0.984	0.807	0.906	0.915	0.918	0.876	0.808	0.931
HERPUD2_chr7:35670214-35670328	0.893	0.955	1	0.93	0.925	0.857	0.959	0.967	0.927	0.9	0.955	0.925	0.94	0.912	0.923	0.906	0.816	0.9	0.928	0.847	0.887	0.969	0.874	0.949	0.778	0.959	0.854	0.94	0.659	0.888	0.928	0.815	0.926	0.924	0.957	0.767	1	0.901	0.947	0.922	0.788	0.979	0.666	0.936	0.807	0.897	0.967	0.854	0.829	1	0.979	0.931	1	0.902	0.978	0.844	0.889	0.903	0.919	0.939	0.824	0.937
PDGFA_chr7:500430-500499	0.781	0.611	NA	0.0436	0	0.6	0.44	0.846	0.583	0.573	0.806	0	0.0459	0.217	0.546	NA	0.0952	0.0667	0.309	0.0893	NA	0.0588	0	0.452	0.25	0	0.103	0.245	0.104	0.613	0.818	0	0.378	0.733	0.396	0	0.5	0.625	0.111	0.31	0.15	0.194	0.314	0	0	0.0476	0.0692	0	0	0.338	0.221	0.506	0.579	0.758	0.184	0.328	0.565	0	0.385	0.167	0.182	0.429
OSBPL3_chr7:24863199-24863292	0.194	0.111	0.297	0.88	0.605	0.333	0.261	0.247	0	0.199	0.0782	0.265	0.884	0.17	0.312	0.879	0.889	0.944	0.0769	0.721	0.195	0.663	0.791	0.123	0.2	0.261	0.775	0.479	0.941	0.14	0.227	1	0.0612	0.16	0.221	0.846	0.333	0.264	0.548	0.129	0.407	0.69	0.762	0.541	0.81	0.528	0.854	0.7	0.609	0.167	0.0796	0.2	0.475	0.286	0.0734	0.115	0.111	1	0.367	0.298	0.905	0.101
CSF1_chr1:109923165-109923711	0.545	0.625	0.688	1	0.875	NA	0.804	0.365	0.667	0.685	0.628	0.419	0.95	0.831	0.734	0.921	0.956	0.792	0.628	NA	0.684	0.944	0.954	0.503	0.848	0.714	1	0.779	0.934	0.507	0.387	0.967	0.579	0.8	0.786	0.943	0.621	0.681	0.934	0.788	0.857	0.964	0.872	0.979	0.89	NA	0.667	0.838	0.861	0.64	0.625	0.66	0.838	0.739	0.752	0.7	0.647	0.951	0.778	0.828	0.843	0.727
IFT22_chr7:101318955-101319032	0.904	0.851	0.618	0.826	0.867	0.672	0.766	0.917	0.786	0.822	0.779	0.872	0.856	0.851	0.824	0.838	0.897	0.881	0.819	0.937	0.935	0.859	0.876	0.832	0.772	0.813	0.869	0.718	0.9	0.799	0.797	0.921	1	0.828	0.828	0.817	0.749	0.799	0.924	0.75	0.836	0.866	0.882	0.853	0.878	0.898	0.867	0.834	0.911	0.848	0.877	0.847	0.746	0.8	0.703	0.887	0.835	0.801	0.856	0.797	0.878	0.903
SUN1_chr7:848417-848615	1	1	1	1	0.978	1	1	1	0.978	1	1	1	0.914	1	0.981	0.955	0.941	0.825	0.979	0.85	1	0.802	0.711	1	1	1	0.971	1	0.966	1	1	0.945	1	1	1	0.916	1	1	0.949	1	1	0.965	1	0.801	0.78	0.96	1	1	0.972	1	0.833	1	1	0.97	0.974	1	1	0.883	1	1	0.854	1
AKAP9_chr7:92042045-92042186	0.3	0.0635	0.174	0.491	0.882	NA	0.316	0.0556	0.359	0.1	0.00683	0.252	1	0.234	0.143	1	0.447	0.188	0.576	0.486	0	0.652	1	0.123	0.208	0.14	0.568	0.0822	0.846	0	0.13	1	0.899	0.0413	0.148	1	0.152	0.118	0.484	0.271	0.127	0.432	0.357	1	1	0.538	0.489	1	0.754	0.667	0.891	0.431	0.393	0.2	0.923	0.356	0.2	0.977	0.103	0.838	0.167	0.829
RNF216P1_chr7:4986566-4986631	0	0.0719	0	0.0267	0.0533	0	0.0363	0.16	0.0555	0.104	0.0215	0	0.0496	0.115	0.0723	0.0258	0	0	0	0.0467	NA	0	0.0239	0.0733	0	0.0479	0.0852	0.0489	0.0523	0	0.093	0	0	0.102	0	0	0.0787	0.0276	0	0.053	0.109	0	0	0	0.0513	0.038	0.112	0.0721	0	0.1	0.0863	0.15	0.0721	0	0.088	0	0	0.0457	0.136	0.118	0.102	0.165
COG5_chr7:107283570-107283732	0.95	0.368	0.96	1	1	0.379	0.988	1	0.996	0.973	0.985	1	1	1	0.985	1	0.995	1	1	1	1	1	1	1	1	0.989	1	1	0.988	1	1	1	1	0.989	1	1	1	0.986	1	0.98	1	1	1	1	1	1	1	1	1	1	1	1	1	1	0.988	1	1	1	0.962	1	1	1
COG5_chr7:107281299-107281399	0.937	0.362	1	1	1	0.379	0.988	1	0.968	0.883	0.986	1	1	1	0.988	1	0.993	0.986	1	1	1	1	1	0.988	1	0.971	0.964	0.99	1	0.978	1	1	1	0.994	0.995	0.988	0.967	0.981	1	0.99	0.96	1	1	0.996	1	0.99	1	1	1	0.962	1	1	1	1	0.988	1	1	1	0.915	1	1	1
RBPMS_chr8:30561943-30562149	0.0667	0.136	0	0	0	0	0.0585	0.0588	0.152	0.164	0.0898	0.0952	0	0	0.0104	0	0	0	0.0213	0	0	0	0.0196	0.0637	0	0.0439	0	0	0	0.0392	0	0	0	0.0561	0.167	0.0531	0.1	0.0329	0	0.14	0	0	0	0.0184	NA	0	NA	0	0	0.0769	0	0.183	0.27	0.0278	0.0811	0.5	0	0	0.087	0.0325	0.0189	0
TACC1_chr8:38823989-38824025	0	0.107	0.0909	0.0797	0.0127	NA	0.249	0.114	0.0763	0.103	0.105	0.0941	0.0105	0.0311	0.0286	0.00672	0	0	0.127	0.0224	0.0796	0	0	NA	0.161	0.0435	0.0138	0.2	0	0.0564	0.0769	0	0.0194	0.0732	0.0324	0.0337	0.125	0.0408	0	0.037	0.0261	0	0.0672	0.00646	0	0	0.0996	0.00787	0.0157	0.118	0	0.154	0.0698	0.0991	0.012	0.0547	0	0	0.0267	0.0755	0	0.0249
LRRC14_chr8:144518748-144518815	1	0.461	0.544	0.39	0.119	NA	0.614	1	0.339	0.66	0.49	0.333	0.266	0.762	0.442	0.0481	0	0	0.58	0	1	0.0597	0	0.336	0.542	0.157	NA	0.352	0.167	1	1	0.273	1	0.552	0.391	0.211	NA	0.606	0.25	0.421	0.667	0.0692	0	0.267	0	0.0415	NA	NA	0	1	1	0.827	0.571	1	0.321	1	0.333	0.0221	0.738	1	0	NA
INTS9_chr8:28846746-28846809	0.79	1	0.964	1	0.815	1	1	0.931	1	0.947	0.978	0.971	0.959	1	0.974	0.87	0.913	0.971	1	0.783	0.905	0.758	0.863	1	1	0.927	0.917	0.976	0.895	1	1	0.926	0.949	0.95	0.913	0.932	1	1	0.889	0.964	0.963	0.794	1	0.884	0.857	0.874	1	0.902	0.894	1	1	1	1	0.882	1	1	1	0.868	0.978	1	0.896	1
TNFRSF10A_chr8:23200504-23200600	1	1	1	1	1	1	0.986	1	1	0.993	0.982	0.941	1	1	0.988	1	1	1	1	1	1	1	1	0.995	1	0.987	1	0.973	1	1	1	NA	0.99	0.995	1	1	0.907	0.977	1	0.957	1	0.992	1	1	1	1	1	1	1	0.982	1	1	0.982	1	0.977	1	1	1	0.985	0.949	0.95	1
SCRIB_chr8:143807551-143807614	0.155	0.231	0.255	0.429	0.661	0.286	0.096	0.222	0.45	0.141	0.159	0.265	0.958	0.182	0.143	0.683	0.991	0.896	0.111	0.906	0.162	0.729	0.936	0.118	0.172	0.0819	0.885	0.236	0.979	0.242	0.25	0.881	0.0841	0.132	0.161	0.856	0.254	0.119	0.982	0.0659	0.453	0.717	0.904	0.788	0.808	0.893	0.714	0.79	0.846	0.21	0.113	0.194	0.13	0.283	0.116	0.0848	0.0856	0.865	0.156	0.155	0.977	0.273
DNM1_chr9:128247923-128247935	0.222	0.294	0.273	0.414	1	NA	0.286	0.309	0.297	0.107	0	0.546	0.883	0.231	0.304	1	0.934	0.829	NA	0.84	0.517	1	1	0.0617	0	0.262	0.913	0	0.867	NA	0.163	1	0.333	0.22	0.273	0.909	0.273	0.255	0.867	0.311	0.413	0.83	0.8	1	NA	NA	0.323	0	NA	0.364	0.167	0.216	0.236	0.294	0.294	0.333	0	0.959	0.42	0.2	0.867	1
TBC1D13_chr9:128790734-128790775	0.174	0.322	0.588	0.731	0.809	0.5	0.19	0.242	0.497	0.197	0.354	0.587	0.945	0.5	0.184	0.782	0.983	0.937	0.385	0.963	0.333	0.706	0.657	0.245	0.366	0.429	0.66	0.395	0.969	0.316	0.2	0.92	0.116	0.242	0.392	0.783	0.298	0.424	0.94	0.242	0.724	0.823	0.926	0.823	0.886	0.891	0.765	1	0.751	0.429	0.24	0.292	0.248	0.263	0.181	0.16	0.229	0.92	0.424	0.312	0.844	0.375
CARD19_chr9:93111878-93111938	0.902	0.911	0.688	0.905	0.668	1	0.94	1	0.913	0.905	0.977	0.625	0.939	0.917	0.911	0.75	0.872	0.872	0.962	1	1	0.888	0.955	0.971	0.975	0.83	0.937	0.962	0.985	0.973	1	0.9	0.909	0.932	0.799	1	1	0.966	0.776	0.851	0.835	0.731	0.955	0.811	0.901	0.769	1	0.906	0.919	1	0.865	0.975	0.916	1	0.804	0.938	0.879	0.87	0.969	0.844	1	1
MRPS15_chr1:36460691-36460776	0.984	0.974	0.992	0.983	0.973	0.991	0.968	0.987	0.988	0.97	0.986	0.978	0.992	0.966	1	0.968	0.987	0.978	0.98	0.964	0.992	1	0.977	0.982	0.942	0.967	0.963	0.956	0.979	1	0.996	0.965	0.979	0.955	0.94	0.97	1	0.988	0.973	0.974	0.976	0.969	0.963	0.983	0.973	0.982	0.987	0.966	0.98	0.989	0.99	0.983	0.947	1	0.994	0.974	0.992	0.991	0.989	0.964	0.972	0.993
COL5A1_chr9:134814796-134814904	1	0.989	NA	1	NA	1	1	NA	1	1	1	1	0.968	1	1	0.997	0.996	NA	0.983	NA	1	0.911	0.898	1	1	1	1	NA	0.967	1	1	1	1	1	0.991	0.762	NA	1	0.83	1	NA	0.978	1	0.826	0.927	1	NA	NA	0.892	1	1	1	1	1	1	1	NA	0.986	1	NA	NA	1
FNBP1_chr9:129915965-129915980	0.49	0.418	0.5	0.223	0.429	0.608	0.393	0.559	0.499	0.305	0.547	0.368	0.0919	0.425	0.39	0.198	0.0186	0.0919	0.452	0.0481	0	0.132	0.171	0.24	0.833	0.448	0.121	0.36	0.0222	0.352	0.484	0.139	0.603	0.381	0.344	0.169	0.301	0.356	0.166	0.478	0.238	0.2	0.186	0.224	0.0608	0.0377	0.21	0.129	0.217	0.834	0.186	0.409	0.328	0.667	0.365	0.357	0.556	0.0522	0.284	0.338	0.0663	0.501
PLAA_chr9:26917096-26917165	0.826	0.933	0.906	0.995	1	1	0.806	0.937	0.881	0.792	0.728	NA	0.991	0.876	0.657	0.973	1	0.992	0.701	1	0.667	0.982	1	0.705	0.819	0.75	0.946	0.835	0.965	0.709	0.855	1	0.686	0.925	NA	1	0.956	0.82	0.974	0.86	0.98	1	1	1	0.971	NA	1	1	0.959	0.714	0.815	0.881	0.958	0.886	0.729	0.857	0.429	0.993	0.837	0.839	0.976	0.954
TCF7L2_chr10:113159919-113159992	0	0.206	0.257	0.342	0.317	NA	0.044	0.104	0	0.0844	0.0582	0.142	0.226	0.154	0.201	0.773	0.502	0.396	0.223	0.348	0.261	0.398	0.352	0.132	0.145	0.292	0.55	0.225	0.501	0.0615	0.0663	0.385	0.0214	0.126	0.161	0.667	0.152	0.154	0	0.175	0.43	0.22	0.0812	0.338	0.17	0.302	0.155	0.178	0.403	0.0886	0.119	0.126	0.233	0.33	0.137	0.188	0.143	0.336	0.272	0.108	0.242	0.0898
TCF7L2_chr10:113160618-113160691	1	0.659	0.336	0.634	0.184	1	0.391	0.838	1	0.774	0.659	0.656	0.146	0.653	0.606	0.263	0.196	0.173	0.583	0.356	0.608	0.034	0.137	0.708	0.628	0.393	0.15	0.49	0.243	0.934	0.762	0.154	0.744	0.639	0.631	0.25	0.501	0.784	0.118	0.62	0.347	0.228	0.538	0.118	0.0737	0.155	0.696	0.192	0.141	0.739	0.621	0.635	0.528	0.706	0.628	0.741	0.714	0.123	0.608	0.34	0.144	0.788
MYOF_chr10:93392916-93392955	0.429	0.428	0.662	NA	1	0	0.294	0.689	0.244	0.292	0.216	0.787	0.979	0.62	0.834	1	1	1	0.408	0.844	0.652	0.945	1	0.198	0.781	0.595	1	0.649	0.952	0.403	0.26	1	0.387	0.492	0.487	1	0.46	0.255	1	0.354	0.933	1	1	1	0.923	1	NA	1	0.959	0.061	0.629	0.79	0.667	0.912	0.541	0.778	0.333	1	0.668	0.517	0.978	0.609
FGFR2_chr10:121518681-121518829	1	0.955	1	NA	0.2	1	0.929	NA	0.974	1	0.926	1	0	1	1	0.00574	0.0454	0.0789	1	0.5	1	0.064	NA	0.979	1	0.936	NA	0.872	0.167	1	NA	0.0435	1	1	0.979	NA	1	1	NA	0.994	0.704	NA	NA	NA	0	0	NA	0	0.0702	0.955	1	0.928	0.936	1	1	1	1	0.0476	1	1	0.0751	1
NCOA4_chr10:46009410-46009551	1	1	1	0.995	0.995	1	0.998	1	0.998	1	0.994	0.996	0.991	0.995	1	0.99	0.996	0.997	1	0.988	0.987	0.994	0.991	0.998	0.988	1	0.985	0.996	1	0.992	1	0.976	1	1	0.998	1	0.993	1	1	1	0.987	0.985	1	0.994	1	0.995	0.997	1	0.997	1	1	1	0.995	0.988	1	1	1	0.992	1	1	0.991	1
SLK_chr10:104010815-104010908	0.903	0.92	0.574	0.137	0.0387	0.711	0.774	0.77	0.893	0.85	0.958	0.6	0	0.464	0.714	0	0.0293	0.142	0.738	0.0588	0.755	0	0	0.929	0.747	0.672	0	0.846	0	0.96	0.915	0	0.737	0.776	0.823	0	0.867	0.873	0	0.663	0.228	0	0.243	0	0	0	0.103	0.0461	0	0.723	0.52	0.697	0.65	0.441	0.721	0.652	0.944	0	0.646	0.745	0.0746	0.552
OPTN_chr10:13108137-13108289	0.313	0.181	0.225	0.135	0.132	0.4	0.209	0.361	0.18	0.184	0.369	0.219	0.183	0.263	0.176	0.144	0.182	0.159	0.235	0.212	0.216	0.126	0.22	0.211	0.179	0.229	0.199	0.193	0.26	0.452	0.396	0.163	0.57	0.189	0.196	0.253	0.249	0.26	0.269	0.242	0.152	0.235	0.208	0.227	0.225	0.171	0.276	0.197	0.137	0.411	0.462	0.232	0.177	0.284	0.251	0.302	0.38	0.191	0.203	0.405	0.184	0.489
OPTN_chr10:13108961-13109015	0.142	0.0702	0.0944	0.0536	0.0619	0.333	0.125	0.207	0.0716	0.0639	0.239	0.105	0.102	0.124	0.0477	0.0387	0.0518	0.0984	0.11	0.0946	0.137	0.0545	0.0908	0.0504	0.0724	0.0701	0.0892	0.0575	0.0883	0.21	0.192	0.0855	0.229	0.0766	0.0969	0.104	0.0573	0.125	0.0959	0.0753	0.115	0.0511	0.13	0.0337	0.101	0.0571	0.171	0.0461	0.0676	0.121	0.146	0.121	0.0869	0.138	0.0626	0.126	0.157	0.077	0.0857	0.155	0.114	0.26
KIAA1217_chr10:24542692-24542770	1	0.979	1	0.658	0.722	1	0.989	1	0.985	0.972	1	0.96	0.504	1	0.992	0.476	0.811	0.702	0.978	0.489	0.953	0.645	0.506	0.983	1	0.939	0.527	0.94	0.719	0.946	1	0.781	1	0.929	0.954	0.503	1	0.986	0.567	0.972	1	0.662	1	0.383	0.39	NA	0.89	0.889	0.439	0.712	0.893	1	1	1	0.922	1	0.833	0.438	0.961	0.973	0.845	0.769
ZDHHC16_chr10:97453798-97453846	0.878	0.826	0.833	0.825	0.804	0.86	0.531	0.827	0.76	0.856	0.915	0.883	0.588	0.74	0.884	0.42	0.395	0.496	0.854	0.718	0.725	0.514	0.697	0.807	0.906	0.713	0.614	0.79	0.405	0.908	0.886	0.326	0.814	0.876	0.827	0.784	0.794	0.853	0.6	0.813	0.692	0.69	0.61	0.827	0.435	0.703	0.609	0.662	0.574	0.758	0.909	0.875	0.839	0.788	0.862	0.865	0.859	0.578	0.594	0.438	0.335	0.901
ARNT_chr1:150842423-150842468	0.528	0.842	0.777	0.619	0.938	0.636	0.828	0.727	0.713	0.75	0.78	0.825	0.997	0.867	0.796	0.986	0.9	0.821	0.871	0.895	0.807	0.968	0.987	0.419	0.87	0.796	0.936	0.757	0.892	0.756	0.85	0.963	0.799	0.871	0.784	0.976	0.661	0.885	0.95	0.835	0.966	0.985	0.885	0.99	0.864	0.953	0.497	0.884	0.973	0.733	0.638	0.85	0.854	0.848	0.835	0.879	0.688	0.968	0.876	0.715	0.909	0.696
RAB18_chr10:27531528-27531615	0.0381	0.0238	0.0286	0.0055	0	0	0.0369	0.0406	0.0164	0.015	0.0608	0.0371	0	0.0256	0.0554	0.0142	0.0059	0.00627	0.0296	0	0.0254	0.0239	0.0194	0.0368	0	0.0221	0	0.0285	0.0209	0.0712	0	0.0193	0.202	0.0201	0.0514	0	0.0323	0.0209	0	0.0281	0.0405	0	0.0192	0.0623	0.0143	0.0107	0	0.0222	0	0	0.0861	0.0576	0.0328	0.0343	0.0622	0	0.0559	0.00666	0.0262	0.0394	0.00755	0.138
ATP5C1_chr10:7806973-7807010	0.971	0.946	0.981	0.494	0.932	0.976	1	0.995	0.994	1	0.982	0.959	0.995	0.918	0.946	0.418	0.903	0.744	0.962	0.988	0.947	0.308	0.685	1	0.958	0.928	0.835	1	0.962	0.982	0.994	0.514	0.903	0.982	0.933	0.49	1	0.982	0.901	0.853	0.843	0.923	0.975	0.211	0.789	0.911	0.995	0.954	0.418	1	0.802	0.973	1	1	0.851	1	1	0.604	0.93	0.956	0.814	0.98
SLC37A2_chr11:125086203-125086260	0.88	1	NA	NA	0.161	NA	0.936	1	NA	0.938	1	1	0	0.869	0.966	0.226	0	NA	NA	0	1	NA	0.3	0.772	NA	NA	0	1	NA	0.923	1	NA	1	0.992	1	0.182	1	1	0.0705	0.958	0.859	0.06	NA	0.394	NA	0.538	NA	0.175	NA	1	0.824	0.969	1	1	0.812	0.975	1	NA	1	NA	NA	1
PICALM_chr11:85978069-85978093	0.959	0.896	0.84	0.0411	0.37	0.871	0.884	0.956	0.905	0.922	0.935	0.939	0.437	0.857	0.948	0.525	0.77	0.782	0.945	0.544	0.927	0.425	0.711	0.75	0.883	0.668	0.822	0.818	0.317	0.921	0.969	0.643	0.906	0.929	0.921	0.882	0.869	0.935	0.795	0.892	0.83	0.71	0.883	0.911	0.403	0.725	0.0765	0.494	0.466	0.872	0.479	0.923	0.898	0.913	0.562	0.881	0.898	0.399	0.865	0.888	0.765	0.895
PICALM_chr11:85976622-85976682	0.984	0.976	0.969	0.879	0.886	0.92	0.919	0.968	0.981	0.968	0.973	0.983	0.871	0.964	0.98	0.944	0.925	0.958	0.977	0.903	1	0.947	0.936	0.956	0.959	0.946	0.927	0.936	0.883	0.965	0.979	0.938	0.974	0.973	0.976	0.966	0.932	0.959	0.874	0.982	0.955	0.9	0.93	0.991	0.873	0.956	0.869	0.9	0.914	0.945	0.965	0.982	0.979	0.937	0.973	0.928	0.991	0.894	0.954	0.913	0.891	0.983
PPFIA1_chr11:70382087-70382158	1	1	1	1	0.993	1	1	1	1	0.996	1	1	1	1	1	1	0.992	0.993	1	1	1	0.978	1	1	0.992	1	1	0.994	1	1	1	0.964	0.992	1	1	0.981	0.991	1	0.933	1	0.991	0.981	1	0.818	1	0.991	1	1	0.972	1	1	1	1	1	1	1	1	0.988	1	1	0.977	1
NAV2_chr11:20051288-20051333	0.27	0.44	0.471	0.577	0.686	0.667	0.107	0.31	NA	0.421	0.377	0.719	0.753	0.418	0.625	0.676	0.636	0.488	0.281	0.566	0.235	0.694	0.977	0.4	0.5	0.399	0.753	0.51	0.703	0.457	0.222	0.654	0.226	0.446	0.512	0.932	0.561	0.244	0.623	0.237	0.435	0.673	NA	0.839	0.273	0.454	0.585	0.897	0.771	0.547	0.167	0.366	0.786	0.538	0.255	0.359	0.385	0.85	0.375	0.23	0.318	0.551
ARHGAP1_chr11:46682050-46682182	1	1	0.951	0.954	0.939	1	0.974	1	1	0.945	0.934	0.942	1	1	1	0.906	0.945	0.929	1	0.906	1	0.928	0.958	0.948	0.947	0.964	0.937	0.906	0.937	0.934	1	0.868	1	0.897	0.946	0.943	0.946	1	0.957	0.972	0.964	0.906	1	0.91	0.921	0.856	0.943	0.966	1	1	1	0.958	0.879	1	0.962	0.95	1	0.931	0.953	1	0.951	1
CTNND1_chr11:57789036-57789155	0.00575	0.00917	0.0175	0.0995	0.51	0	0.0124	0	0.0171	0	0.00315	0.00912	0.523	0.00878	0.00831	0.634	0.703	0.46	0.0182	0.276	0	0.408	0.518	0.0062	0	0.0127	0.346	0.0352	0.59	0.0123	0	0.755	0.0102	0.00676	0.00895	0.527	0.039	0	0.118	0.00634	0.0266	0.135	0.257	0.564	0.375	0.581	0.0171	0.446	0.45	0	0.00237	0.0285	0.0603	0.0284	0.00361	0.093	0	0.803	0.00603	0.00626	0.37	0.0128
CTNND1_chr11:57791493-57791673	0.0209	0.0433	0.0637	0.149	0.585	0	0.0267	0.0204	0.0618	0.039	0.031	0.0256	0.574	0.0598	0.0298	0.746	0.755	0.52	0.0612	0.353	0.0298	0.491	0.576	0.0453	0.0545	0.107	0.383	0.0614	0.636	0.0336	0.0134	0.783	0.0519	0.0185	0.0623	0.537	0.039	0.0232	0.266	0.048	0.0472	0.264	0.338	0.682	0.534	0.654	0.0852	0.568	0.517	0.0187	0.0209	0.0496	0.093	0.0284	0.034	0.093	0.0402	0.82	0.0509	0.047	0.423	0.0577
YAP1_chr11:102209516-102209564	0.729	0.749	0.779	0.5	0.51	0.711	0.567	0.792	0.65	0.57	0.749	0.755	0.539	0.697	0.738	0.338	0.382	0.322	0.862	0.492	0.61	0.53	0.574	0.674	0.692	0.689	0.406	0.688	0.481	0.806	0.904	0.422	0.818	0.704	0.82	0.501	0.767	0.825	0.573	0.706	0.542	0.579	0.633	0.468	0.498	0.391	NA	0.594	0.597	0.785	0.858	0.748	0.617	0.808	0.863	0.773	0.89	0.326	0.676	0.634	0.492	0.804
MARK2_chr11:63890221-63890295	0.0288	0.0136	0	0	0	0	0.0781	0.0323	0.013	0.0674	0	0.025	0	0.0345	0.0503	0	0	0	0.0349	0	0.154	0	0	0.0229	0.0177	0.0252	0	0.0105	0	0	0.0316	0	0.0645	0.021	0.0178	0	0.0281	0.027	0.0526	0.0381	0.0144	0.0204	0.0454	0	0	0	0	0	0.0318	0.113	0.0174	0.0257	0.0681	0.0444	0.103	0.134	0.054	0	0.0284	0.0263	0	0.167
APLP2_chr11:130123611-130123779	0.722	0.46	0.619	0.843	0.406	0.39	0.47	0.526	0.517	0.589	0.79	0.523	0.143	0.422	0.367	0.349	0.372	0.304	0.627	0.313	0.466	0.223	0.341	0.578	0.702	0.489	0.211	0.58	0.36	0.829	0.73	0.406	0.902	0.581	0.399	0.18	0.768	0.548	0.203	0.647	0.238	0.16	0.673	0.144	0.201	0.397	0.883	0.283	0.262	0.761	0.667	0.614	0.529	0.252	0.667	0.646	0.82	0.208	0.527	0.633	0.259	0.842
SLC37A4_chr11:119028734-119028834	0.148	0.232	0.135	0.108	0.0416	0.41	0.213	0.419	0.318	0.271	0.23	0.139	0.0563	0.312	0.312	0.0615	0.172	0.21	0.234	0.0499	0.2	0.113	0.0729	0.268	0.247	0.227	0.0336	0.171	0.0481	0.219	0.296	0.0909	0.46	0.16	0.322	0	0.139	0.145	0.113	0.287	0.178	0.137	0.167	0.138	0.08	0.0717	0.168	0.194	0.0729	0.185	0.232	0.154	0.155	0.217	0.0477	0.159	0.244	0.139	0.256	0.115	0.118	0.183
S100A4_chr1:153545469-153545518	0.042	0.111	0.03	0	0.0107	0	0.0563	0.0345	0.333	0.0174	0.0294	0.016	0.175	0	0.00667	0.0923	0.023	0.037	0.0173	0.0357	0.0505	0.136	0.196	0.154	0.0811	0.0206	0.135	0.0328	0.0822	0.0606	0	0.333	0	0.0292	0.375	0.149	0.04	0.0214	0.113	0	0.5	0.0664	0.0316	0.0449	0.0346	0.025	0	0.0625	0.0935	0.0281	0.0189	0.016	0.0476	0.0156	0.0114	0	0.0119	0.165	0.0476	0.033	0.0504	0
